metric,family,cell,arm,events,opportunities,exposure,exposure_lo,exposure_hi,rate,rate_lo,rate_hi,p,suppressed,conditional,bh_survives
slam,A. Round outcome,for,bc,4392.0,40000.0,50.0,50.0,50.0,0.1098,0.106799375,0.11272625,,False,False,False
slam,A. Round outcome,for,subject,5271.0,40000.0,50.0,50.0,50.0,0.131775,0.128675,0.134850625,,False,False,False
slam,A. Round outcome,for,delta,879.0,0.0,0.0,0.0,0.0,0.02197500000000001,0.018574374999999994,0.025525625000000003,0.0005,False,False,True
slam,A. Round outcome,against,bc,4392.0,40000.0,50.0,50.0,50.0,0.1098,0.106799375,0.11272625,,False,False,False
slam,A. Round outcome,against,subject,3900.0,40000.0,50.0,50.0,50.0,0.0975,0.0948,0.100225,,False,False,False
slam,A. Round outcome,against,delta,-492.0,0.0,0.0,0.0,0.0,-0.012299999999999991,-0.015524999999999997,-0.00895,0.0005,False,False,True
round_points,A. Round outcome,total,bc,0.0,40000.0,50.0,50.0,50.0,0.0,0.0,0.0,,False,False,False
round_points,A. Round outcome,total,subject,562540.0,40000.0,50.0,50.0,50.0,14.0635,12.535378125000001,15.666815624999998,,False,False,False
round_points,A. Round outcome,total,delta,562540.0,0.0,0.0,0.0,0.0,14.0635,12.535378125000001,15.666815624999998,0.0005,False,False,True
round_points,A. Round outcome,card play,bc,0.0,40000.0,50.0,50.0,50.0,0.0,0.0,0.0,,False,False,False
round_points,A. Round outcome,card play,subject,510740.0,40000.0,50.0,50.0,50.0,12.7685,11.961112499999999,13.56613125,,False,False,False
round_points,A. Round outcome,card play,delta,510740.0,0.0,0.0,0.0,0.0,12.7685,11.961112499999999,13.56613125,0.0005,False,False,True
out_position,A. Round outcome,1st,bc,20000.0,80000.0,100.0,100.0,100.0,0.25,0.25,0.25,,False,False,False
out_position,A. Round outcome,1st,subject,20843.0,80000.0,100.0,100.0,100.0,0.2605375,0.2587125,0.2623375,,False,False,False
out_position,A. Round outcome,1st,delta,843.0,0.0,0.0,0.0,0.0,0.010537499999999977,0.008712500000000012,0.012337500000000001,0.0005,False,False,True
out_position,A. Round outcome,2nd,bc,20000.0,80000.0,100.0,100.0,100.0,0.25,0.25,0.25,,False,False,False
out_position,A. Round outcome,2nd,subject,20528.0,80000.0,100.0,100.0,100.0,0.2566,0.2544625,0.2587128125,,False,False,False
out_position,A. Round outcome,2nd,delta,528.0,0.0,0.0,0.0,0.0,0.006599999999999995,0.00446249999999998,0.008712812500000009,0.0005,False,False,True
out_position,A. Round outcome,3rd,bc,15608.0,80000.0,100.0,100.0,100.0,0.1951,0.19363687499999999,0.19660031249999999,,False,False,False
out_position,A. Round outcome,3rd,subject,16620.0,80000.0,100.0,100.0,100.0,0.20775,0.2054246875,0.2100125,,False,False,False
out_position,A. Round outcome,3rd,delta,1012.0,0.0,0.0,0.0,0.0,0.012649999999999995,0.01023750000000001,0.015025312500000007,0.0005,False,False,True
out_position,A. Round outcome,last,bc,24392.0,80000.0,100.0,100.0,100.0,0.3049,0.3033996875,0.30636312499999996,,False,False,False
out_position,A. Round outcome,last,subject,22009.0,80000.0,100.0,100.0,100.0,0.2751125,0.27247437500000005,0.277825,,False,False,False
out_position,A. Round outcome,last,delta,-2383.0,0.0,0.0,0.0,0.0,-0.029787500000000022,-0.03267500000000001,-0.0269625,0.0005,False,False,True
trick_share,A. Round outcome,all,bc,219493.0,438986.0,548.7325,546.8449375,550.7403125,0.5,0.5,0.5,,False,False,False
trick_share,A. Round outcome,all,subject,242591.0,442623.0,553.27875,551.833625,554.80628125,0.5480759020656405,0.5467295104202384,0.5494540401195158,,False,False,False
trick_share,A. Round outcome,all,delta,23098.0,3637.0,4.546249999999986,2.738406249999983,6.276874999999889,0.0480759020656405,0.04672951042023847,0.04945404011951578,0.0005,False,False,True
grand_call,B. Calls,all,bc,8681.0,80000.0,100.0,100.0,100.0,0.1085125,0.1066375,0.1104378125,,False,True,False
grand_call,B. Calls,all,subject,6663.0,80000.0,100.0,100.0,100.0,0.0832875,0.0816375,0.08505093749999999,,False,True,False
grand_call,B. Calls,all,delta,-2018.0,0.0,0.0,0.0,0.0,-0.025224999999999997,-0.0263375,-0.024187187500000002,0.0005,False,True,True
grand_call,B. Calls,power 2.0,bc,6342.0,13529.0,16.91125,16.6686875,17.15625,0.4687707886761771,0.46084996506407727,0.4768658035690727,,False,True,False
grand_call,B. Calls,power 2.0,subject,4432.0,13529.0,16.91125,16.6686875,17.15625,0.3275925789045754,0.32028143765271955,0.33518307887328586,,False,True,False
grand_call,B. Calls,power 2.0,delta,-1910.0,0.0,0.0,0.0,0.0,-0.14117820977160173,-0.1469393402094736,-0.13545045524793986,0.0005,False,True,True
grand_call,B. Calls,power 0.0,bc,1.0,30292.0,37.865,37.58121875,38.15375,3.301201637396012e-05,0.0,9.955342072302237e-05,,False,True,False
grand_call,B. Calls,power 0.0,subject,0.0,30292.0,37.865,37.58121875,38.15375,0.0,0.0,0.0,,False,True,False
grand_call,B. Calls,power 0.0,delta,-1.0,0.0,0.0,0.0,0.0,-3.301201637396012e-05,-9.955342072302238e-05,0.0,0.708,False,True,False
grand_call,B. Calls,power 1.0,bc,102.0,33565.0,41.95625,41.6049375,42.30253125,0.0030388797854908386,0.0024692808814972943,0.00363994933938169,,False,True,False
grand_call,B. Calls,power 1.0,subject,70.0,33565.0,41.95625,41.6049375,42.30253125,0.0020855057351407717,0.0016367488833196689,0.002584366956565865,,False,True,False
grand_call,B. Calls,power 1.0,delta,-32.0,0.0,0.0,0.0,0.0,-0.0009533740503500669,-0.0013430510557140985,-0.0005661160195313345,0.0005,False,True,True
grand_call,B. Calls,power 3.0,bc,2035.0,2413.0,3.01625,2.9,3.12878125,0.8433485288023208,0.828793532938757,0.8581825741825742,,False,True,False
grand_call,B. Calls,power 3.0,subject,1960.0,2413.0,3.01625,2.9,3.12878125,0.8122668876916701,0.7965378309185221,0.8283904557407037,,False,True,False
grand_call,B. Calls,power 3.0,delta,-75.0,0.0,0.0,0.0,0.0,-0.031081641110650704,-0.03803274793996518,-0.024316419503783757,0.0005,False,True,True
grand_call,B. Calls,power 4.0+,bc,201.0,201.0,0.25125,0.21871875,0.28875,1.0,1.0,1.0,,False,True,False
grand_call,B. Calls,power 4.0+,subject,201.0,201.0,0.25125,0.21871875,0.28875,1.0,1.0,1.0,,False,True,False
grand_call,B. Calls,power 4.0+,delta,0.0,0.0,0.0,0.0,0.0,0.0,0.0,0.0,1.0,False,True,False
tichu_call,B. Calls,all,bc,10454.0,71128.0,88.91,88.7075,89.09625,0.14697446856371613,0.14485235546907269,0.14896938270263788,,False,True,False
tichu_call,B. Calls,all,subject,12809.0,73290.0,91.6125,91.43496875,91.77625,0.1747714558602811,0.17253952790347146,0.1770036075077581,,False,True,False
tichu_call,B. Calls,all,delta,2355.0,2162.0,2.7025000000000006,2.591218750000002,2.8187499999999943,0.027796987296564962,0.025996975339412386,0.02964682820435786,0.0005,False,True,True
tichu_call,B. Calls,power 1.0,bc,1265.0,26540.0,33.175,32.85121875,33.49125,0.04766390354182366,0.04512931854292178,0.05013773472905436,,False,True,False
tichu_call,B. Calls,power 1.0,subject,1555.0,26771.0,33.46375,33.14125,33.79265624999999,0.05808524149265997,0.05519719773216404,0.060858919880927044,,False,True,False
tichu_call,B. Calls,power 1.0,delta,290.0,231.0,0.2887500000000003,0.08250000000000313,0.5087499999999991,0.010421337950836308,0.007963968697949273,0.012780678779879972,0.0005,False,True,True
tichu_call,B. Calls,power 2.0,bc,3702.0,17427.0,21.78375,21.4724375,22.07375,0.2124289894990532,0.2070452662923611,0.21785858424405832,,False,True,False
tichu_call,B. Calls,power 2.0,subject,4570.0,18596.0,23.245,22.93,23.54375,0.24575177457517747,0.24017869721844348,0.25164833739987963,,False,True,False
tichu_call,B. Calls,power 2.0,delta,868.0,1169.0,1.4612499999999997,1.269937500000003,1.6537812499999986,0.03332278507612427,0.028034547914595732,0.03844062504598698,0.0005,False,True,True
tichu_call,B. Calls,power 0.0,bc,135.0,17773.0,22.21625,21.98121875,22.44628125,0.0075957913689304,0.0063737289562602875,0.00887129860895355,,False,True,False
tichu_call,B. Calls,power 0.0,subject,169.0,17432.0,21.79,21.54746875,22.01503125,0.009694814134924278,0.008347627215551745,0.011184479406420799,,False,True,False
tichu_call,B. Calls,power 0.0,delta,34.0,-341.0,-0.4262499999999996,-0.5712499999999991,-0.2862187499999992,0.0020990227659938776,0.0008121492898052437,0.0035007237461743917,0.004,False,True,True
tichu_call,B. Calls,power 3.0,bc,4010.0,7716.0,9.645,9.466218750000001,9.83503125,0.5196993260756869,0.509189002821919,0.5299291411293554,,False,True,False
tichu_call,B. Calls,power 3.0,subject,4863.0,8551.0,10.68875,10.5025,10.876312500000001,0.5687054145713951,0.5588891895611371,0.5788829886004718,,False,True,False
tichu_call,B. Calls,power 3.0,delta,853.0,835.0,1.043750000000001,0.9187187499999994,1.1724999999999994,0.0490060884957082,0.03995379482755577,0.05830467588207038,0.0005,False,True,True
tichu_call,B. Calls,power 4.0+,bc,1342.0,1672.0,2.09,1.99371875,2.1875,0.8026315789473685,0.7841726618705036,0.8214517068317323,,False,True,False
tichu_call,B. Calls,power 4.0+,subject,1652.0,1940.0,2.425,2.32,2.5275,0.8515463917525773,0.8358116117016223,0.8670862998455072,,False,True,False
tichu_call,B. Calls,power 4.0+,delta,310.0,268.0,0.33499999999999996,0.27,0.3987499999999997,0.04891481280520882,0.031578965079838844,0.06605671972316929,0.0005,False,True,True
tichu_call_context,B. Calls,nobody called,bc,8775.0,32013.0,40.01625,39.449937500000004,40.57625,0.27410739387123984,0.2696616286055121,0.27893138953820856,,False,True,False
tichu_call_context,B. Calls,nobody called,subject,10726.0,34651.0,43.31375,42.787406250000004,43.817625,0.3095437361115119,0.3053821061318909,0.31406356650731,,False,True,False
tichu_call_context,B. Calls,nobody called,delta,1951.0,2638.0,3.2974999999999994,3.0862499999999997,3.508812499999999,0.03543634224027209,0.03156888111686977,0.03939893756269942,0.0005,False,True,True
tichu_call_context,B. Calls,opponent called,bc,1679.0,25068.0,31.335,31.05496875,31.62,0.06697782032870592,0.06382606163056993,0.07013904089507128,,False,True,False
tichu_call_context,B. Calls,opponent called,subject,2082.0,25239.0,31.54875,31.2325,31.8575625,0.0824913823844051,0.07909479848550807,0.08601750812741153,,False,True,False
tichu_call_context,B. Calls,opponent called,delta,403.0,171.0,0.21374999999999744,0.05496874999999975,0.3750312499999998,0.015513562055699176,0.01259298982990967,0.018316024014232112,0.0005,False,True,True
tichu_call_context,B. Calls,partner called,bc,0.0,14047.0,17.55875,17.3686875,17.74878125,0.0,0.0,0.0,,False,True,False
tichu_call_context,B. Calls,partner called,subject,1.0,13400.0,16.75,16.56375,16.94253125,7.462686567164179e-05,0.0,0.00022570051810726115,,False,True,False
tichu_call_context,B. Calls,partner called,delta,1.0,-647.0,-0.8087499999999999,-0.9600000000000009,-0.6562187500000002,7.462686567164179e-05,0.0,0.00022570051810726115,0.718,False,True,False
call_success,B. Calls,grand,bc,5703.0,8681.0,10.85125,10.66375,11.043781249999999,0.6569519640594401,0.6478518980510949,0.6667045329096727,,False,True,False
call_success,B. Calls,grand,subject,4391.0,6663.0,8.32875,8.16375,8.50509375,0.6590124568512682,0.6477873281408416,0.6702785681688009,,False,True,False
call_success,B. Calls,grand,delta,-1312.0,-2018.0,-2.522500000000001,-2.633749999999999,-2.4187187499999996,0.0020604927918280724,-0.008712816546577126,0.013047275574333723,0.709,False,True,False
call_success,B. Calls,tichu,bc,7768.0,10454.0,13.0675,12.8575,13.25875,0.7430648555576813,0.7351409456872383,0.7507908605797262,,False,True,False
call_success,B. Calls,tichu,subject,9241.0,12809.0,16.01125,15.79496875,16.23,0.721445858380826,0.7135080627201217,0.7289896433378947,,False,True,False
call_success,B. Calls,tichu,delta,1473.0,2355.0,2.9437499999999996,2.7750000000000004,3.1137500000000014,-0.021618997176855337,-0.030387048082052545,-0.012930206487044437,0.0005,False,True,True
call_bonus,B. Calls,net,bc,1053200.0,40000.0,50.0,50.0,50.0,26.33,25.4624375,27.220125,,False,False,False
call_bonus,B. Calls,net,subject,991100.0,40000.0,50.0,50.0,50.0,24.7775,23.907249999999998,25.6626875,,False,False,False
call_bonus,B. Calls,net,delta,-62100.0,0.0,0.0,0.0,0.0,-1.5524999999999984,-2.5076875000000003,-0.5797499999999997,0.004,False,False,True
schupfen_card,C. Schupfen,to next: 10,bc,1125.0,80000.0,100.0,100.0,100.0,0.0140625,0.0132875,0.0148375,,False,True,False
schupfen_card,C. Schupfen,to next: 10,subject,1055.0,80000.0,100.0,100.0,100.0,0.0131875,0.012425,0.013975312499999998,,False,True,False
schupfen_card,C. Schupfen,to next: 10,delta,-70.0,0.0,0.0,0.0,0.0,-0.0008750000000000008,-0.0013124999999999994,-0.00045000000000000075,0.0005,False,True,True
schupfen_card,C. Schupfen,to next: 2,bc,33083.0,80000.0,100.0,100.0,100.0,0.4135375,0.4101371875,0.416875,,False,True,False
schupfen_card,C. Schupfen,to next: 2,subject,33741.0,80000.0,100.0,100.0,100.0,0.4217625,0.4181875,0.4251378125,,False,True,False
schupfen_card,C. Schupfen,to next: 2,delta,658.0,0.0,0.0,0.0,0.0,0.008224999999999982,0.007012187499999978,0.009375000000000022,0.0005,False,True,True
schupfen_card,C. Schupfen,to next: 3,bc,2466.0,80000.0,100.0,100.0,100.0,0.030825,0.02965,0.0319875,,False,True,False
schupfen_card,C. Schupfen,to next: 3,subject,2440.0,80000.0,100.0,100.0,100.0,0.0305,0.0292996875,0.031700312499999994,,False,True,False
schupfen_card,C. Schupfen,to next: 3,delta,-26.0,0.0,0.0,0.0,0.0,-0.00032500000000000237,-0.0009750000000000002,0.00028781250000000123,0.326,False,True,False
schupfen_card,C. Schupfen,to next: 4,bc,16609.0,80000.0,100.0,100.0,100.0,0.2076125,0.204874375,0.21052531249999998,,False,True,False
schupfen_card,C. Schupfen,to next: 4,subject,16237.0,80000.0,100.0,100.0,100.0,0.2029625,0.2001246875,0.2058753125,,False,True,False
schupfen_card,C. Schupfen,to next: 4,delta,-372.0,0.0,0.0,0.0,0.0,-0.004650000000000015,-0.005612812499999993,-0.0036375000000000157,0.0005,False,True,True
schupfen_card,C. Schupfen,to next: 5,bc,3354.0,80000.0,100.0,100.0,100.0,0.041925,0.040625,0.043337812499999996,,False,True,False
schupfen_card,C. Schupfen,to next: 5,subject,3085.0,80000.0,100.0,100.0,100.0,0.0385625,0.0372996875,0.0399,,False,True,False
schupfen_card,C. Schupfen,to next: 5,delta,-269.0,0.0,0.0,0.0,0.0,-0.0033624999999999974,-0.004025312500000001,-0.002674999999999997,0.0005,False,True,True
schupfen_card,C. Schupfen,to next: 6,bc,10068.0,80000.0,100.0,100.0,100.0,0.12585,0.123586875,0.128125,,False,True,False
schupfen_card,C. Schupfen,to next: 6,subject,9785.0,80000.0,100.0,100.0,100.0,0.1223125,0.1200746875,0.12457531250000001,,False,True,False
schupfen_card,C. Schupfen,to next: 6,delta,-283.0,0.0,0.0,0.0,0.0,-0.003537499999999985,-0.0044128125,-0.002725000000000005,0.0005,False,True,True
schupfen_card,C. Schupfen,to next: 7,bc,2739.0,80000.0,100.0,100.0,100.0,0.0342375,0.0329996875,0.0354625,,False,True,False
schupfen_card,C. Schupfen,to next: 7,subject,2715.0,80000.0,100.0,100.0,100.0,0.0339375,0.032724687499999995,0.035175,,False,True,False
schupfen_card,C. Schupfen,to next: 7,delta,-24.0,0.0,0.0,0.0,0.0,-0.0002999999999999947,-0.0008625000000000022,0.0003125000000000003,0.349,False,True,False
schupfen_card,C. Schupfen,to next: 8,bc,5864.0,80000.0,100.0,100.0,100.0,0.0733,0.071575,0.0750625,,False,True,False
schupfen_card,C. Schupfen,to next: 8,subject,6086.0,80000.0,100.0,100.0,100.0,0.076075,0.0743125,0.0778125,,False,True,False
schupfen_card,C. Schupfen,to next: 8,delta,222.0,0.0,0.0,0.0,0.0,0.0027749999999999997,0.001962500000000006,0.003574999999999995,0.0005,False,True,True
schupfen_card,C. Schupfen,to next: 9,bc,1942.0,80000.0,100.0,100.0,100.0,0.024275,0.02325,0.0253128125,,False,True,False
schupfen_card,C. Schupfen,to next: 9,subject,1822.0,80000.0,100.0,100.0,100.0,0.022775,0.0217375,0.023775,,False,True,False
schupfen_card,C. Schupfen,to next: 9,delta,-120.0,0.0,0.0,0.0,0.0,-0.0015000000000000013,-0.002037500000000001,-0.0009750000000000002,0.0005,False,True,True
schupfen_card,C. Schupfen,to next: J,bc,269.0,80000.0,100.0,100.0,100.0,0.0033625,0.002975,0.003762812499999998,,False,True,False
schupfen_card,C. Schupfen,to next: J,subject,319.0,80000.0,100.0,100.0,100.0,0.0039875,0.003575,0.0044125,,False,True,False
schupfen_card,C. Schupfen,to next: J,delta,50.0,0.0,0.0,0.0,0.0,0.0006249999999999997,0.00035000000000000005,0.0009125000000000001,0.0005,False,True,True
schupfen_card,C. Schupfen,to next: K,bc,1.0,80000.0,100.0,100.0,100.0,1.25e-05,0.0,3.75e-05,,False,True,False
schupfen_card,C. Schupfen,to next: K,subject,2.0,80000.0,100.0,100.0,100.0,2.5e-05,0.0,6.25e-05,,False,True,False
schupfen_card,C. Schupfen,to next: K,delta,1.0,0.0,0.0,0.0,0.0,1.25e-05,0.0,3.7500000000000003e-05,0.745,False,True,False
schupfen_card,C. Schupfen,to next: Q,bc,41.0,80000.0,100.0,100.0,100.0,0.0005125,0.0003625,0.000675,,False,True,False
schupfen_card,C. Schupfen,to next: Q,subject,46.0,80000.0,100.0,100.0,100.0,0.000575,0.0004125,0.0007375,,False,True,False
schupfen_card,C. Schupfen,to next: Q,delta,5.0,0.0,0.0,0.0,0.0,6.249999999999995e-05,-5.000000000000002e-05,0.00017500000000000003,0.335,False,True,False
schupfen_card,C. Schupfen,to next: dog,bc,2435.0,80000.0,100.0,100.0,100.0,0.0304375,0.0292625,0.031562812499999995,,False,True,False
schupfen_card,C. Schupfen,to next: dog,subject,2657.0,80000.0,100.0,100.0,100.0,0.0332125,0.032,0.034412812499999994,,False,True,False
schupfen_card,C. Schupfen,to next: dog,delta,222.0,0.0,0.0,0.0,0.0,0.0027749999999999997,0.0022375000000000034,0.003324999999999998,0.0005,False,True,True
schupfen_card,C. Schupfen,to next: mahjong,bc,4.0,80000.0,100.0,100.0,100.0,5e-05,1.25e-05,0.0001,,False,True,False
schupfen_card,C. Schupfen,to next: mahjong,subject,10.0,80000.0,100.0,100.0,100.0,0.000125,6.218750000000001e-05,0.0002125,,False,True,False
schupfen_card,C. Schupfen,to next: mahjong,delta,6.0,0.0,0.0,0.0,0.0,7.500000000000001e-05,2.499999999999999e-05,0.0001375,0.001,False,True,True
schupfen_card,C. Schupfen,to partner: 10,bc,4903.0,80000.0,100.0,100.0,100.0,0.0612875,0.0596996875,0.0629378125,,False,True,False
schupfen_card,C. Schupfen,to partner: 10,subject,5313.0,80000.0,100.0,100.0,100.0,0.0664125,0.064725,0.0681125,,False,True,False
schupfen_card,C. Schupfen,to partner: 10,delta,410.0,0.0,0.0,0.0,0.0,0.005124999999999998,0.004250000000000004,0.005987500000000007,0.0005,False,True,True
schupfen_card,C. Schupfen,to partner: 2,bc,35.0,80000.0,100.0,100.0,100.0,0.0004375,0.0003,0.0006,,False,True,False
schupfen_card,C. Schupfen,to partner: 2,subject,44.0,80000.0,100.0,100.0,100.0,0.00055,0.0003875,0.0007125,,False,True,False
schupfen_card,C. Schupfen,to partner: 2,delta,9.0,0.0,0.0,0.0,0.0,0.00011250000000000002,-1.2500000000000033e-05,0.00025,0.098,False,True,False
schupfen_card,C. Schupfen,to partner: 3,bc,115.0,80000.0,100.0,100.0,100.0,0.0014375,0.001175,0.0016878124999999983,,False,True,False
schupfen_card,C. Schupfen,to partner: 3,subject,160.0,80000.0,100.0,100.0,100.0,0.002,0.0017125,0.0023125,,False,True,False
schupfen_card,C. Schupfen,to partner: 3,delta,45.0,0.0,0.0,0.0,0.0,0.0005625000000000001,0.00034999999999999983,0.0007999999999999999,0.0005,False,True,True
schupfen_card,C. Schupfen,to partner: 4,bc,240.0,80000.0,100.0,100.0,100.0,0.003,0.002625,0.003375,,False,True,False
schupfen_card,C. Schupfen,to partner: 4,subject,265.0,80000.0,100.0,100.0,100.0,0.0033125,0.002925,0.0037,,False,True,False
schupfen_card,C. Schupfen,to partner: 4,delta,25.0,0.0,0.0,0.0,0.0,0.00031249999999999984,4.99999999999997e-05,0.0005875000000000003,0.032,False,True,True
schupfen_card,C. Schupfen,to partner: 5,bc,483.0,80000.0,100.0,100.0,100.0,0.0060375,0.0055121875,0.0065625,,False,True,False
schupfen_card,C. Schupfen,to partner: 5,subject,535.0,80000.0,100.0,100.0,100.0,0.0066875,0.006137187499999999,0.0072375,,False,True,False
schupfen_card,C. Schupfen,to partner: 5,delta,52.0,0.0,0.0,0.0,0.0,0.0006499999999999995,0.00028750000000000043,0.0010003124999999984,0.001,False,True,True
schupfen_card,C. Schupfen,to partner: 6,bc,601.0,80000.0,100.0,100.0,100.0,0.0075125,0.006925,0.008125,,False,True,False
schupfen_card,C. Schupfen,to partner: 6,subject,589.0,80000.0,100.0,100.0,100.0,0.0073625,0.0067625,0.007975,,False,True,False
schupfen_card,C. Schupfen,to partner: 6,delta,-12.0,0.0,0.0,0.0,0.0,-0.00014999999999999996,-0.0005124999999999999,0.00022499999999999953,0.473,False,True,False
schupfen_card,C. Schupfen,to partner: 7,bc,912.0,80000.0,100.0,100.0,100.0,0.0114,0.010675,0.0121375,,False,True,False
schupfen_card,C. Schupfen,to partner: 7,subject,989.0,80000.0,100.0,100.0,100.0,0.0123625,0.011625,0.013175,,False,True,False
schupfen_card,C. Schupfen,to partner: 7,delta,77.0,0.0,0.0,0.0,0.0,0.0009624999999999998,0.00047468749999999974,0.0014625000000000003,0.0005,False,True,True
schupfen_card,C. Schupfen,to partner: 8,bc,1564.0,80000.0,100.0,100.0,100.0,0.01955,0.0186125,0.020475,,False,True,False
schupfen_card,C. Schupfen,to partner: 8,subject,1526.0,80000.0,100.0,100.0,100.0,0.019075,0.0181496875,0.02,,False,True,False
schupfen_card,C. Schupfen,to partner: 8,delta,-38.0,0.0,0.0,0.0,0.0,-0.00047499999999999973,-0.0010249999999999981,8.781249999999904e-05,0.096,False,True,False
schupfen_card,C. Schupfen,to partner: 9,bc,2542.0,80000.0,100.0,100.0,100.0,0.031775,0.030637187500000003,0.033025312499999994,,False,True,False
schupfen_card,C. Schupfen,to partner: 9,subject,2282.0,80000.0,100.0,100.0,100.0,0.028525,0.027425,0.02965,,False,True,False
schupfen_card,C. Schupfen,to partner: 9,delta,-260.0,0.0,0.0,0.0,0.0,-0.0032499999999999994,-0.0039000000000000007,-0.002587500000000003,0.0005,False,True,True
schupfen_card,C. Schupfen,to partner: A,bc,20838.0,80000.0,100.0,100.0,100.0,0.260475,0.2580746875,0.2630875,,False,True,False
schupfen_card,C. Schupfen,to partner: A,subject,19967.0,80000.0,100.0,100.0,100.0,0.2495875,0.24716218750000002,0.2522753125,,False,True,False
schupfen_card,C. Schupfen,to partner: A,delta,-871.0,0.0,0.0,0.0,0.0,-0.010887500000000022,-0.012162499999999965,-0.009587187499999974,0.0005,False,True,True
schupfen_card,C. Schupfen,to partner: J,bc,6814.0,80000.0,100.0,100.0,100.0,0.085175,0.08322468749999999,0.087125,,False,True,False
schupfen_card,C. Schupfen,to partner: J,subject,6893.0,80000.0,100.0,100.0,100.0,0.0861625,0.084186875,0.0882,,False,True,False
schupfen_card,C. Schupfen,to partner: J,delta,79.0,0.0,0.0,0.0,0.0,0.0009875000000000023,9.968749999998939e-05,0.0019249999999999962,0.028,False,True,True
schupfen_card,C. Schupfen,to partner: K,bc,10748.0,80000.0,100.0,100.0,100.0,0.13435,0.132036875,0.1366875,,False,True,False
schupfen_card,C. Schupfen,to partner: K,subject,11300.0,80000.0,100.0,100.0,100.0,0.14125,0.1388996875,0.143625,,False,True,False
schupfen_card,C. Schupfen,to partner: K,delta,552.0,0.0,0.0,0.0,0.0,0.0068999999999999895,0.005925000000000014,0.00793781250000001,0.0005,False,True,True
schupfen_card,C. Schupfen,to partner: Q,bc,8216.0,80000.0,100.0,100.0,100.0,0.1027,0.10061218749999999,0.1048128125,,False,True,False
schupfen_card,C. Schupfen,to partner: Q,subject,8530.0,80000.0,100.0,100.0,100.0,0.106625,0.1044746875,0.1087503125,,False,True,False
schupfen_card,C. Schupfen,to partner: Q,delta,314.0,0.0,0.0,0.0,0.0,0.003924999999999998,0.0029124999999999984,0.004887500000000003,0.0005,False,True,True
schupfen_card,C. Schupfen,to partner: dog,bc,2802.0,80000.0,100.0,100.0,100.0,0.035025,0.0338,0.03625,,False,True,False
schupfen_card,C. Schupfen,to partner: dog,subject,2377.0,80000.0,100.0,100.0,100.0,0.0297125,0.028574375,0.0308625,,False,True,False
schupfen_card,C. Schupfen,to partner: dog,delta,-425.0,0.0,0.0,0.0,0.0,-0.005312500000000001,-0.006037500000000001,-0.0046121875,0.0005,False,True,True
schupfen_card,C. Schupfen,to partner: dragon,bc,11907.0,80000.0,100.0,100.0,100.0,0.1488375,0.1472246875,0.15047531249999999,,False,True,False
schupfen_card,C. Schupfen,to partner: dragon,subject,11972.0,80000.0,100.0,100.0,100.0,0.14965,0.1480125,0.1514259375,,False,True,False
schupfen_card,C. Schupfen,to partner: dragon,delta,65.0,0.0,0.0,0.0,0.0,0.0008124999999999938,-0.0002375000000000016,0.0019253125000000084,0.12,False,True,False
schupfen_card,C. Schupfen,to partner: mahjong,bc,1583.0,80000.0,100.0,100.0,100.0,0.0197875,0.018875,0.020825,,False,True,False
schupfen_card,C. Schupfen,to partner: mahjong,subject,1364.0,80000.0,100.0,100.0,100.0,0.01705,0.0161996875,0.017962812499999998,,False,True,False
schupfen_card,C. Schupfen,to partner: mahjong,delta,-219.0,0.0,0.0,0.0,0.0,-0.0027375000000000003,-0.003225000000000002,-0.0022625000000000006,0.0005,False,True,True
schupfen_card,C. Schupfen,to partner: phoenix,bc,5697.0,80000.0,100.0,100.0,100.0,0.0712125,0.0697375,0.0726878125,,False,True,False
schupfen_card,C. Schupfen,to partner: phoenix,subject,5894.0,80000.0,100.0,100.0,100.0,0.073675,0.0720871875,0.0751878125,,False,True,False
schupfen_card,C. Schupfen,to partner: phoenix,delta,197.0,0.0,0.0,0.0,0.0,0.0024625000000000064,0.0014875000000000027,0.0033628125000000025,0.0005,False,True,True
schupfen_card,C. Schupfen,to previous: 10,bc,1266.0,80000.0,100.0,100.0,100.0,0.015825,0.0149125,0.016725,,False,True,False
schupfen_card,C. Schupfen,to previous: 10,subject,1222.0,80000.0,100.0,100.0,100.0,0.015275,0.0143875,0.01615,,False,True,False
schupfen_card,C. Schupfen,to previous: 10,delta,-44.0,0.0,0.0,0.0,0.0,-0.0005499999999999984,-0.0010500000000000006,-8.750000000000077e-05,0.021,False,True,True
schupfen_card,C. Schupfen,to previous: 2,bc,4696.0,80000.0,100.0,100.0,100.0,0.0587,0.057174687499999995,0.06026281249999999,,False,True,False
schupfen_card,C. Schupfen,to previous: 2,subject,4870.0,80000.0,100.0,100.0,100.0,0.060875,0.0593996875,0.0624875,,False,True,False
schupfen_card,C. Schupfen,to previous: 2,delta,174.0,0.0,0.0,0.0,0.0,0.0021749999999999964,0.0013625000000000026,0.0030259374999999948,0.0005,False,True,True
schupfen_card,C. Schupfen,to previous: 3,bc,26657.0,80000.0,100.0,100.0,100.0,0.3332125,0.32983687500000003,0.3364628125,,False,True,False
schupfen_card,C. Schupfen,to previous: 3,subject,26422.0,80000.0,100.0,100.0,100.0,0.330275,0.3270125,0.33355093750000003,,False,True,False
schupfen_card,C. Schupfen,to previous: 3,delta,-235.0,0.0,0.0,0.0,0.0,-0.0029375000000000373,-0.004100312499999992,-0.0017875000000000516,0.0005,False,True,True
schupfen_card,C. Schupfen,to previous: 4,bc,5364.0,80000.0,100.0,100.0,100.0,0.06705,0.065374375,0.06875,,False,True,False
schupfen_card,C. Schupfen,to previous: 4,subject,5771.0,80000.0,100.0,100.0,100.0,0.0721375,0.07045,0.073875,,False,True,False
schupfen_card,C. Schupfen,to previous: 4,delta,407.0,0.0,0.0,0.0,0.0,0.005087499999999995,0.004199999999999995,0.005937499999999998,0.0005,False,True,True
schupfen_card,C. Schupfen,to previous: 5,bc,15777.0,80000.0,100.0,100.0,100.0,0.1972125,0.194375,0.19988781249999998,,False,True,False
schupfen_card,C. Schupfen,to previous: 5,subject,15103.0,80000.0,100.0,100.0,100.0,0.1887875,0.1861125,0.1914,,False,True,False
schupfen_card,C. Schupfen,to previous: 5,delta,-674.0,0.0,0.0,0.0,0.0,-0.008425000000000016,-0.00948750000000001,-0.007324999999999998,0.0005,False,True,True
schupfen_card,C. Schupfen,to previous: 6,bc,4775.0,80000.0,100.0,100.0,100.0,0.0596875,0.05805,0.06135,,False,True,False
schupfen_card,C. Schupfen,to previous: 6,subject,4811.0,80000.0,100.0,100.0,100.0,0.0601375,0.0584996875,0.0618125,,False,True,False
schupfen_card,C. Schupfen,to previous: 6,delta,36.0,0.0,0.0,0.0,0.0,0.00045000000000000595,-0.00030000000000000165,0.0011499999999999985,0.201,False,True,False
schupfen_card,C. Schupfen,to previous: 7,bc,9141.0,80000.0,100.0,100.0,100.0,0.1142625,0.1121375,0.1165,,False,True,False
schupfen_card,C. Schupfen,to previous: 7,subject,9190.0,80000.0,100.0,100.0,100.0,0.114875,0.1127496875,0.11700031250000001,,False,True,False
schupfen_card,C. Schupfen,to previous: 7,delta,49.0,0.0,0.0,0.0,0.0,0.0006125000000000019,-0.00027531250000001095,0.0014875000000000027,0.194,False,True,False
schupfen_card,C. Schupfen,to previous: 8,bc,3484.0,80000.0,100.0,100.0,100.0,0.04355,0.04215,0.044975312499999996,,False,True,False
schupfen_card,C. Schupfen,to previous: 8,subject,3562.0,80000.0,100.0,100.0,100.0,0.044525,0.043175,0.0459125,,False,True,False
schupfen_card,C. Schupfen,to previous: 8,delta,78.0,0.0,0.0,0.0,0.0,0.0009750000000000036,0.00030000000000000165,0.0016125000000000028,0.005,False,True,True
schupfen_card,C. Schupfen,to previous: 9,bc,5216.0,80000.0,100.0,100.0,100.0,0.0652,0.0635246875,0.0667875,,False,True,False
schupfen_card,C. Schupfen,to previous: 9,subject,5064.0,80000.0,100.0,100.0,100.0,0.0633,0.061637187499999996,0.06495062499999998,,False,True,False
schupfen_card,C. Schupfen,to previous: 9,delta,-152.0,0.0,0.0,0.0,0.0,-0.001899999999999999,-0.002725000000000005,-0.0010625000000000074,0.0005,False,True,True
schupfen_card,C. Schupfen,to previous: J,bc,448.0,80000.0,100.0,100.0,100.0,0.0056,0.0051,0.0060875,,False,True,False
schupfen_card,C. Schupfen,to previous: J,subject,452.0,80000.0,100.0,100.0,100.0,0.00565,0.0051246875,0.0061625,,False,True,False
schupfen_card,C. Schupfen,to previous: J,delta,4.0,0.0,0.0,0.0,0.0,4.99999999999997e-05,-0.0003125000000000003,0.00041249999999999967,0.824,False,True,False
schupfen_card,C. Schupfen,to previous: K,bc,1.0,80000.0,100.0,100.0,100.0,1.25e-05,0.0,3.75e-05,,False,True,False
schupfen_card,C. Schupfen,to previous: K,subject,1.0,80000.0,100.0,100.0,100.0,1.25e-05,0.0,3.75e-05,,False,True,False
schupfen_card,C. Schupfen,to previous: K,delta,0.0,0.0,0.0,0.0,0.0,0.0,0.0,0.0,1.0,False,True,False
schupfen_card,C. Schupfen,to previous: Q,bc,78.0,80000.0,100.0,100.0,100.0,0.000975,0.0007625,0.0012,,False,True,False
schupfen_card,C. Schupfen,to previous: Q,subject,60.0,80000.0,100.0,100.0,100.0,0.00075,0.0005625,0.00095,,False,True,False
schupfen_card,C. Schupfen,to previous: Q,delta,-18.0,0.0,0.0,0.0,0.0,-0.00022499999999999994,-0.0003749999999999999,-8.750000000000001e-05,0.003,False,True,True
schupfen_card,C. Schupfen,to previous: dog,bc,3095.0,80000.0,100.0,100.0,100.0,0.0386875,0.0373996875,0.0399375,,False,True,False
schupfen_card,C. Schupfen,to previous: dog,subject,3470.0,80000.0,100.0,100.0,100.0,0.043375,0.04205,0.044675312499999995,,False,True,False
schupfen_card,C. Schupfen,to previous: dog,delta,375.0,0.0,0.0,0.0,0.0,0.004687499999999997,0.003987499999999998,0.0053753125000000025,0.0005,False,True,True
schupfen_card,C. Schupfen,to previous: mahjong,bc,2.0,80000.0,100.0,100.0,100.0,2.5e-05,0.0,6.25e-05,,False,True,False
schupfen_card,C. Schupfen,to previous: mahjong,subject,2.0,80000.0,100.0,100.0,100.0,2.5e-05,0.0,6.25e-05,,False,True,False
schupfen_card,C. Schupfen,to previous: mahjong,delta,0.0,0.0,0.0,0.0,0.0,0.0,0.0,0.0,1.0,False,True,False
special_gift,C. Schupfen,dog → kept,bc,11668.0,20000.0,25.0,25.0,25.0,0.5834,0.57655,0.59055,,False,True,False
special_gift,C. Schupfen,dog → kept,subject,11496.0,20000.0,25.0,25.0,25.0,0.5748,0.56794875,0.5822,,False,True,False
special_gift,C. Schupfen,dog → kept,delta,-172.0,0.0,0.0,0.0,0.0,-0.008600000000000052,-0.012550000000000061,-0.00495000000000001,0.0005,False,True,True
special_gift,C. Schupfen,dog → opponent,bc,5530.0,20000.0,25.0,25.0,25.0,0.2765,0.26989874999999997,0.2824,,False,True,False
special_gift,C. Schupfen,dog → opponent,subject,6127.0,20000.0,25.0,25.0,25.0,0.30635,0.29965,0.31260249999999995,,False,True,False
special_gift,C. Schupfen,dog → opponent,delta,597.0,0.0,0.0,0.0,0.0,0.029849999999999988,0.026550000000000018,0.03320000000000001,0.0005,False,True,True
special_gift,C. Schupfen,dog → partner,bc,2802.0,20000.0,25.0,25.0,25.0,0.1401,0.1352,0.145,,False,True,False
special_gift,C. Schupfen,dog → partner,subject,2377.0,20000.0,25.0,25.0,25.0,0.11885,0.1142975,0.12345,,False,True,False
special_gift,C. Schupfen,dog → partner,delta,-425.0,0.0,0.0,0.0,0.0,-0.021250000000000005,-0.024150000000000005,-0.01844875,0.0005,False,True,True
special_gift,C. Schupfen,dragon → kept,bc,8093.0,20000.0,25.0,25.0,25.0,0.40465,0.39809875,0.41110125000000003,,False,True,False
special_gift,C. Schupfen,dragon → kept,subject,8028.0,20000.0,25.0,25.0,25.0,0.4014,0.39429624999999996,0.40795,,False,True,False
special_gift,C. Schupfen,dragon → kept,delta,-65.0,0.0,0.0,0.0,0.0,-0.0032500000000000306,-0.007701249999999984,0.0009499999999999509,0.12,False,True,False
special_gift,C. Schupfen,dragon → partner,bc,11907.0,20000.0,25.0,25.0,25.0,0.59535,0.58889875,0.6019012499999999,,False,True,False
special_gift,C. Schupfen,dragon → partner,subject,11972.0,20000.0,25.0,25.0,25.0,0.5986,0.59205,0.60570375,,False,True,False
special_gift,C. Schupfen,dragon → partner,delta,65.0,0.0,0.0,0.0,0.0,0.003249999999999975,-0.0009500000000000064,0.007701250000000034,0.12,False,True,False
special_gift,C. Schupfen,phoenix → kept,bc,14303.0,20000.0,25.0,25.0,25.0,0.71515,0.7092487500000001,0.72105,,False,True,False
special_gift,C. Schupfen,phoenix → kept,subject,14106.0,20000.0,25.0,25.0,25.0,0.7053,0.6992487500000001,0.71165125,,False,True,False
special_gift,C. Schupfen,phoenix → kept,delta,-197.0,0.0,0.0,0.0,0.0,-0.009849999999999914,-0.013451249999999962,-0.005950000000000011,0.0005,False,True,True
special_gift,C. Schupfen,phoenix → partner,bc,5697.0,20000.0,25.0,25.0,25.0,0.28485,0.27895,0.29075125,,False,True,False
special_gift,C. Schupfen,phoenix → partner,subject,5894.0,20000.0,25.0,25.0,25.0,0.2947,0.28834875,0.30075125,,False,True,False
special_gift,C. Schupfen,phoenix → partner,delta,197.0,0.0,0.0,0.0,0.0,0.009850000000000025,0.005950000000000011,0.01345125000000001,0.0005,False,True,True
special_gift,C. Schupfen,mahjong → kept,bc,18411.0,20000.0,25.0,25.0,25.0,0.92055,0.9164,0.9241,,False,True,False
special_gift,C. Schupfen,mahjong → kept,subject,18624.0,20000.0,25.0,25.0,25.0,0.9312,0.92745,0.9346012499999999,,False,True,False
special_gift,C. Schupfen,mahjong → kept,delta,213.0,0.0,0.0,0.0,0.0,0.010650000000000048,0.008700000000000041,0.012599999999999945,0.0005,False,True,True
special_gift,C. Schupfen,mahjong → opponent,bc,6.0,20000.0,25.0,25.0,25.0,0.0003,0.0001,0.0005512499999999933,,False,True,False
special_gift,C. Schupfen,mahjong → opponent,subject,12.0,20000.0,25.0,25.0,25.0,0.0006,0.0003,0.0009512499999999932,,False,True,False
special_gift,C. Schupfen,mahjong → opponent,delta,6.0,0.0,0.0,0.0,0.0,0.0003,9.999999999999996e-05,0.00055,0.001,False,True,True
special_gift,C. Schupfen,mahjong → partner,bc,1583.0,20000.0,25.0,25.0,25.0,0.07915,0.0755,0.0833,,False,True,False
special_gift,C. Schupfen,mahjong → partner,subject,1364.0,20000.0,25.0,25.0,25.0,0.0682,0.06479875,0.07185124999999999,,False,True,False
special_gift,C. Schupfen,mahjong → partner,delta,-219.0,0.0,0.0,0.0,0.0,-0.010950000000000001,-0.012900000000000009,-0.009050000000000002,0.0005,False,True,True
schupfen_breaks_bomb,C. Schupfen,all,bc,158.0,3959.0,4.94875,4.801218749999999,5.095062499999999,0.039909067946451125,0.0339064710299885,0.04613874791860113,,False,True,False
schupfen_breaks_bomb,C. Schupfen,all,subject,153.0,3959.0,4.94875,4.801218749999999,5.095062499999999,0.03864612275827229,0.03281958733738005,0.04491560332771861,,False,True,False
schupfen_breaks_bomb,C. Schupfen,all,delta,-5.0,0.0,0.0,0.0,0.0,-0.001262945188178835,-0.0040724127472628905,0.0015413868572660158,0.415,False,True,False
high_card_to_partner,C. Schupfen,no Grand,bc,32317.0,71319.0,89.14875,88.95621874999999,89.33625,0.4531331061848876,0.449334511747507,0.45679083202075244,,False,True,False
high_card_to_partner,C. Schupfen,no Grand,subject,33138.0,73337.0,91.67125,91.49490625,91.83625,0.45185922522055716,0.44828271301217787,0.4553604447407848,,False,True,False
high_card_to_partner,C. Schupfen,no Grand,delta,821.0,2018.0,2.5224999999999937,2.418718749999989,2.633749999999992,-0.0012738809643304538,-0.0034903153756253398,0.000761873691474489,0.242,False,True,False
high_card_to_partner,C. Schupfen,partner called Grand,bc,6125.0,8681.0,10.85125,10.66375,11.043781249999999,0.7055638751295934,0.6958289646345419,0.7147979559481601,,False,True,False
high_card_to_partner,C. Schupfen,partner called Grand,subject,4695.0,6663.0,8.32875,8.16375,8.50509375,0.704637550652859,0.6939793355255489,0.7151928401541275,,False,True,False
high_card_to_partner,C. Schupfen,partner called Grand,delta,-1430.0,-2018.0,-2.522500000000001,-2.633749999999999,-2.4187187499999996,-0.0009263244767343526,-0.006816776829022475,0.005021387831975759,0.741,False,True,False
lead_type,D. Play — leading,bomb,bc,1058.0,211891.0,264.86375,264.01621875,265.74628125,0.004993133261912965,0.004685678511828359,0.005304567845627288,,False,True,False
lead_type,D. Play — leading,bomb,subject,867.0,231958.0,289.9475,288.90365625,291.05128125,0.0037377456263633932,0.0034896271169095033,0.003985935894523409,,False,True,False
lead_type,D. Play — leading,bomb,delta,-191.0,20067.0,25.08375000000001,23.933499999999974,26.252562499999996,-0.0012553876355495715,-0.0015594635878490208,-0.0009443364421032705,0.0005,False,True,True
lead_type,D. Play — leading,dog,bc,13844.0,211891.0,264.86375,264.01621875,265.74628125,0.06533547909066453,0.06473239228304681,0.06593362790245086,,False,True,False
lead_type,D. Play — leading,dog,subject,15009.0,231958.0,289.9475,288.90365625,291.05128125,0.06470567947645695,0.06418702908882272,0.06523160996378419,,False,True,False
lead_type,D. Play — leading,dog,delta,1165.0,20067.0,25.08375000000001,23.933499999999974,26.252562499999996,-0.0006297996142075879,-0.0013332602932955625,8.701107613686406e-05,0.077,False,True,False
lead_type,D. Play — leading,full_house,bc,16450.0,211891.0,264.86375,264.01621875,265.74628125,0.07763425534826869,0.07657191357348113,0.07875082773082885,,False,True,False
lead_type,D. Play — leading,full_house,subject,14252.0,231958.0,289.9475,288.90365625,291.05128125,0.0614421576319851,0.06042587059423686,0.062399415417398046,,False,True,False
lead_type,D. Play — leading,full_house,delta,-2198.0,20067.0,25.08375000000001,23.933499999999974,26.252562499999996,-0.01619209771628359,-0.01732599788099852,-0.01512533687752953,0.0005,False,True,True
lead_type,D. Play — leading,pair,bc,35956.0,211891.0,264.86375,264.01621875,265.74628125,0.1696910203831215,0.16819604998371443,0.17123289914180428,,False,True,False
lead_type,D. Play — leading,pair,subject,33562.0,231958.0,289.9475,288.90365625,291.05128125,0.1446899869804016,0.14319467920624895,0.14614790377071007,,False,True,False
lead_type,D. Play — leading,pair,delta,-2394.0,20067.0,25.08375000000001,23.933499999999974,26.252562499999996,-0.02500103340271989,-0.02681284173477519,-0.02317172662135809,0.0005,False,True,True
lead_type,D. Play — leading,pair_step,bc,14251.0,211891.0,264.86375,264.01621875,265.74628125,0.06725627799198644,0.06624871781966081,0.06829396112102672,,False,True,False
lead_type,D. Play — leading,pair_step,subject,12731.0,231958.0,289.9475,288.90365625,291.05128125,0.05488493606601195,0.054040161146430336,0.05579061620413479,,False,True,False
lead_type,D. Play — leading,pair_step,delta,-1520.0,20067.0,25.08375000000001,23.933499999999974,26.252562499999996,-0.012371341925974493,-0.01329935364090029,-0.011402200675278558,0.0005,False,True,True
lead_type,D. Play — leading,single,bc,92536.0,211891.0,264.86375,264.01621875,265.74628125,0.43671510352020615,0.43476179836161466,0.4388124898474051,,False,True,False
lead_type,D. Play — leading,single,subject,118788.0,231958.0,289.9475,288.90365625,291.05128125,0.5121099509393942,0.5096818040373137,0.5144321631472425,,False,True,False
lead_type,D. Play — leading,single,delta,26252.0,20067.0,25.08375000000001,23.933499999999974,26.252562499999996,0.075394847419188,0.07278551294766711,0.07802545991067542,0.0005,False,True,True
lead_type,D. Play — leading,straight,bc,26508.0,211891.0,264.86375,264.01621875,265.74628125,0.12510205718978154,0.12384142091258137,0.1263577909096533,,False,True,False
lead_type,D. Play — leading,straight,subject,25475.0,231958.0,289.9475,288.90365625,291.05128125,0.1098259167607929,0.10865170331750705,0.11099546684002727,,False,True,False
lead_type,D. Play — leading,straight,delta,-1033.0,20067.0,25.08375000000001,23.933499999999974,26.252562499999996,-0.015276140428988644,-0.016380144036018025,-0.014145132073478565,0.0005,False,True,True
lead_type,D. Play — leading,triple,bc,11288.0,211891.0,264.86375,264.01621875,265.74628125,0.053272673214058174,0.0522435295163244,0.05424224663152124,,False,True,False
lead_type,D. Play — leading,triple,subject,11274.0,231958.0,289.9475,288.90365625,291.05128125,0.04860362651859388,0.04771218507505864,0.04955906377023353,,False,True,False
lead_type,D. Play — leading,triple,delta,-14.0,20067.0,25.08375000000001,23.933499999999974,26.252562499999996,-0.004669046695464293,-0.005687895574363056,-0.0036178831720956013,0.0005,False,True,True
dog_lead,D. Play — leading,partner not called,bc,9023.0,21126.0,26.4075,25.96625,26.81884375,0.4271040424121935,0.41975577306053424,0.4349645326956018,,False,True,False
dog_lead,D. Play — leading,partner not called,subject,9738.0,17762.0,22.2025,21.8775,22.52015625,0.5482490710505574,0.540446204104184,0.556287967612887,,False,True,False
dog_lead,D. Play — leading,partner not called,delta,715.0,-3364.0,-4.204999999999998,-4.599999999999998,-3.8100000000000023,0.1211450286383639,0.11161952803577903,0.13052985376244483,0.0005,False,True,True
dog_lead,D. Play — leading,partner called,bc,4821.0,9669.0,12.08625,11.771218750000001,12.412531249999999,0.4986037852932051,0.48567781745795413,0.5102613114519057,,False,True,False
dog_lead,D. Play — leading,partner called,subject,5271.0,8694.0,10.8675,10.595,11.13628125,0.606280193236715,0.592791529687782,0.6191696607166871,,False,True,False
dog_lead,D. Play — leading,partner called,delta,450.0,-975.0,-1.21875,-1.5162499999999994,-0.9224999999999994,0.10767640794350991,0.09209151206102482,0.12440560512537815,0.0005,False,True,True
pass_despite_beat,E. Play — following,opponent,bc,135738.0,376972.0,471.215,469.07746875,473.44134375000004,0.36007448829090755,0.35776092781214147,0.36233290216743125,,False,True,False
pass_despite_beat,E. Play — following,opponent,subject,91414.0,354837.0,443.54625,441.80359375,445.36668749999995,0.2576225139993856,0.25588988253708916,0.2593315099156276,,False,True,False
pass_despite_beat,E. Play — following,opponent,delta,-44324.0,-22135.0,-27.66874999999999,-29.286312499999994,-26.009906250000046,-0.10245197429152192,-0.10482378375675525,-0.10015028744659658,0.0005,False,True,True
pass_despite_beat,E. Play — following,partner,bc,93061.0,121919.0,152.39875,151.32971875,153.51128125,0.763301864352562,0.7609115212208579,0.7657467670446753,,False,True,False
pass_despite_beat,E. Play — following,partner,subject,111188.0,152560.0,190.7,189.3324375,192.12259375,0.7288148925013109,0.7265690648506676,0.7311027046117082,,False,True,False
pass_despite_beat,E. Play — following,partner,delta,18127.0,30641.0,38.30124999999998,36.86859375000001,39.761375000000015,-0.03448697185125105,-0.03731623061114635,-0.03176719787487542,0.0005,False,True,True
pass_despite_beat,E. Play — following,"opponent, trick ≥10 pts",bc,40116.0,98453.0,123.06625,121.9961875,124.1839375,0.40746345972189774,0.4042478779463912,0.4108603950571479,,False,True,False
pass_despite_beat,E. Play — following,"opponent, trick ≥10 pts",subject,29865.0,97767.0,122.20875,121.1849375,123.21128125000001,0.30547117125410417,0.30223877974144353,0.308419197011342,,False,True,False
pass_despite_beat,E. Play — following,"opponent, trick ≥10 pts",delta,-10251.0,-686.0,-0.8575000000000017,-1.6875,-0.008656250000006494,-0.10199228846779357,-0.10588143504795873,-0.0984567198484325,0.0005,False,True,True
pass_despite_beat,E. Play — following,"partner, trick ≥10 pts",bc,33681.0,36665.0,45.83125,45.332437500000005,46.3713125,0.9186144824764763,0.9157699453147937,0.921496434481331,,False,True,False
pass_despite_beat,E. Play — following,"partner, trick ≥10 pts",subject,41611.0,45982.0,57.4775,56.8999375,58.1000625,0.9049410638945674,0.9022336789324916,0.9077101393075065,,False,True,False
pass_despite_beat,E. Play — following,"partner, trick ≥10 pts",delta,7930.0,9317.0,11.646250000000002,11.066187500000003,12.240062499999995,-0.013673418581908847,-0.017114151492701218,-0.010357042351922219,0.0005,False,True,True
partner_overtake,E. Play — following,partner not called,bc,22420.0,87791.0,109.73875,108.672375,110.81628125,0.2553792529985989,0.2523213151187492,0.2582710483673633,,False,True,False
partner_overtake,E. Play — following,partner not called,subject,31458.0,108580.0,135.725,134.438625,137.01878125000002,0.2897218640633634,0.28698817722757114,0.2924593713595723,,False,True,False
partner_overtake,E. Play — following,partner not called,delta,9038.0,20789.0,25.98625,24.683656250000002,27.250249999999998,0.034342611064764494,0.030915651778511445,0.03787324206988858,0.0005,False,True,True
partner_overtake,E. Play — following,partner called,bc,6438.0,34128.0,42.66,41.98984375,43.365,0.18864275668073135,0.18433378202346795,0.19295296875268572,,False,True,False
partner_overtake,E. Play — following,partner called,subject,9914.0,43980.0,54.975,54.16734375,55.79003125,0.2254206457480673,0.22119665997438126,0.2293762685742011,,False,True,False
partner_overtake,E. Play — following,partner called,delta,3476.0,9852.0,12.315000000000005,11.556124999999998,13.146281249999994,0.03677788906733595,0.031837017367488764,0.041451408493587714,0.0005,False,True,True
caller_overtake_then_fail,E. Play — following,overtook,bc,1697.0,5556.0,6.945,6.78121875,7.10625,0.3054355651547876,0.2936775483277884,0.31713477297686976,,False,True,False
caller_overtake_then_fail,E. Play — following,overtook,subject,2358.0,7428.0,9.285,9.115,9.45503125,0.3174474959612278,0.3067235499855947,0.3279964021234502,,False,True,False
caller_overtake_then_fail,E. Play — following,overtook,delta,661.0,1872.0,2.34,2.1362499999999995,2.5400312500000006,0.012011930806440196,-0.0012679975479082963,0.025705814662660434,0.082,False,True,False
caller_overtake_then_fail,E. Play — following,yielded,bc,2202.0,8378.0,10.4725,10.28875,10.65253125,0.2628312246359513,0.25350056133528986,0.2718388916591378,,False,True,False
caller_overtake_then_fail,E. Play — following,yielded,subject,1892.0,7662.0,9.5775,9.4024375,9.75625,0.24693291568780998,0.2367615785530108,0.2569663082357532,,False,True,False
caller_overtake_then_fail,E. Play — following,yielded,delta,-310.0,-716.0,-0.8949999999999996,-1.1024999999999991,-0.6737187500000003,-0.015898308948141343,-0.02782508627002708,-0.0040691717865164265,0.003,False,True,True
caller_passivity,E. Play — following,any beat,bc,11633.0,60666.0,75.8325,74.93871874999999,76.7575,0.19175485444895,0.18740108218617546,0.19623018293398486,,False,True,False
caller_passivity,E. Play — following,any beat,subject,10359.0,61848.0,77.31,76.47103125,78.1875,0.16749126891734575,0.16356129602662883,0.17151973612625887,,False,True,False
caller_passivity,E. Play — following,any beat,delta,-1274.0,1182.0,1.4775000000000063,0.6473125000000077,2.33146875000001,-0.024263585531604237,-0.028827079736465075,-0.019583913442887284,0.0005,False,True,True
caller_passivity,E. Play — following,bomb legal,bc,3764.0,10131.0,12.66375,12.137437499999999,13.222624999999999,0.37153291876418915,0.35984486739923277,0.38255264291594193,,False,True,False
caller_passivity,E. Play — following,bomb legal,subject,3917.0,10692.0,13.365,12.8449375,13.93375,0.3663486719042275,0.3561633613711663,0.37624420965351124,,False,True,False
caller_passivity,E. Play — following,bomb legal,delta,153.0,561.0,0.7012499999999999,0.24996875,1.17,-0.005184246859961661,-0.01734476770860983,0.007210862720605038,0.411,False,True,False
bomb_when_legal,E. Play — following,opponent,bc,7172.0,52196.0,65.245,63.73996875,66.8050625,0.13740516514675455,0.13527554275433087,0.13955416898098796,,False,True,False
bomb_when_legal,E. Play — following,opponent,subject,7514.0,48044.0,60.055,58.69246875,61.4426875,0.15639830155690618,0.15431867946346528,0.15854426865558502,,False,True,False
bomb_when_legal,E. Play — following,opponent,delta,342.0,-4152.0,-5.190000000000005,-5.969999999999992,-4.432187500000006,0.01899313641015163,0.01672077901824024,0.02118194547230887,0.0005,False,True,True
bomb_when_legal,E. Play — following,partner,bc,121.0,17998.0,22.4975,21.8325,23.1651875,0.006722969218802089,0.00560678868876966,0.007964427895568844,,False,True,False
bomb_when_legal,E. Play — following,partner,subject,168.0,20669.0,25.83625,25.103718750000002,26.6275625,0.008128114567710096,0.006966938122873894,0.009426109200097227,,False,True,False
bomb_when_legal,E. Play — following,partner,delta,47.0,2671.0,3.338750000000001,2.78871875,3.8625625,0.0014051453489080075,0.00025355556884255816,0.002507267403736433,0.018,False,True,True
bombs_per_round,E. Play — following,per seat-Round,bc,9002.0,80000.0,100.0,100.0,100.0,0.112525,0.1102496875,0.11486281250000001,,False,False,False
bombs_per_round,E. Play — following,per seat-Round,subject,9236.0,80000.0,100.0,100.0,100.0,0.11545,0.113225,0.1177625,,False,False,False
bombs_per_round,E. Play — following,per seat-Round,delta,234.0,0.0,0.0,0.0,0.0,0.002924999999999997,0.0020125000000000004,0.003862812500000003,0.0005,False,False,True
bomb_unplayed,E. Play — following,all,bc,805.0,9646.0,12.0575,11.831218750000001,12.29125,0.08345428156748912,0.07794800162966155,0.08905390827659734,,False,True,False
bomb_unplayed,E. Play — following,all,subject,650.0,9730.0,12.1625,11.93125,12.39625,0.06680369989722508,0.0621462184022042,0.07186552191850498,,False,True,False
bomb_unplayed,E. Play — following,all,delta,-155.0,84.0,0.10500000000000043,0.04499999999999993,0.16624999999999984,-0.016650581670264036,-0.022591257077399104,-0.010620533500586978,0.0005,False,True,True
phoenix_use,E. Play — following,combination,bc,11128.0,19012.0,23.765,23.689968750000002,23.8425,0.5853145381864086,0.5783355895170595,0.5922939611070013,,False,True,False
phoenix_use,E. Play — following,combination,subject,7870.0,19392.0,24.24,24.18121875,24.3,0.40583745874587457,0.39893858877991656,0.41265603924444644,,False,True,False
phoenix_use,E. Play — following,combination,delta,-3258.0,380.0,0.47499999999999787,0.39121874999999945,0.555031250000003,-0.17947707944053398,-0.18761148043783263,-0.17162511373859798,0.0005,False,True,True
phoenix_use,E. Play — following,single lead,bc,1983.0,19012.0,23.765,23.689968750000002,23.8425,0.10430254576057227,0.09999986877329274,0.1087013889527055,,False,True,False
phoenix_use,E. Play — following,single lead,subject,3490.0,19392.0,24.24,24.18121875,24.3,0.17997112211221122,0.17424799604115718,0.1856070173518986,,False,True,False
phoenix_use,E. Play — following,single lead,delta,1507.0,380.0,0.47499999999999787,0.39121874999999945,0.555031250000003,0.07566857635163896,0.06948393207350265,0.08155444503492984,0.0005,False,True,True
phoenix_use,E. Play — following,single other,bc,1112.0,19012.0,23.765,23.689968750000002,23.8425,0.0584893751314959,0.05501695246023243,0.06186594634648542,,False,True,False
phoenix_use,E. Play — following,single other,subject,1612.0,19392.0,24.24,24.18121875,24.3,0.08312706270627063,0.07914322426088899,0.08704840277515023,,False,True,False
phoenix_use,E. Play — following,single other,delta,500.0,380.0,0.47499999999999787,0.39121874999999945,0.555031250000003,0.024637687574774726,0.019876203005097556,0.02955391230505054,0.0005,False,True,True
phoenix_use,E. Play — following,single over A,bc,4789.0,19012.0,23.765,23.689968750000002,23.8425,0.2518935409215233,0.2459260157554053,0.25804484245872994,,False,True,False
phoenix_use,E. Play — following,single over A,subject,6420.0,19392.0,24.24,24.18121875,24.3,0.3310643564356436,0.32462711601981836,0.3378571699084603,,False,True,False
phoenix_use,E. Play — following,single over A,delta,1631.0,380.0,0.47499999999999787,0.39121874999999945,0.555031250000003,0.07917081551412031,0.07217206159540702,0.0861650665227977,0.0005,False,True,True
dragon_play,E. Play — following,"follow, trick <10 pts",bc,8859.0,19031.0,23.78875,23.71371875,23.86375,0.46550365193631443,0.4587731862977577,0.4724431898861801,,False,True,False
dragon_play,E. Play — following,"follow, trick <10 pts",subject,9157.0,19374.0,24.2175,24.15875,24.28,0.4726437493548054,0.4656791213442042,0.47957106908922165,,False,True,False
dragon_play,E. Play — following,"follow, trick <10 pts",delta,298.0,343.0,0.42875000000000085,0.3462499999999977,0.5100000000000016,0.007140097418490976,-0.0013268150263461883,0.015387427748030086,0.106,False,True,False
dragon_play,E. Play — following,"follow, trick ≥10 pts",bc,5386.0,19031.0,23.78875,23.71371875,23.86375,0.28301192790709895,0.27653287847415486,0.2895037606032264,,False,True,False
dragon_play,E. Play — following,"follow, trick ≥10 pts",subject,5520.0,19374.0,24.2175,24.15875,24.28,0.2849179312480644,0.2785684504842402,0.2913485606166647,,False,True,False
dragon_play,E. Play — following,"follow, trick ≥10 pts",delta,134.0,343.0,0.42875000000000085,0.3462499999999977,0.5100000000000016,0.0019060033409654675,-0.005127033871802839,0.009565221185897857,0.624,False,True,False
dragon_play,E. Play — following,lead,bc,4786.0,19031.0,23.78875,23.71371875,23.86375,0.2514844201565866,0.24504125641982455,0.2573447969618811,,False,True,False
dragon_play,E. Play — following,lead,subject,4697.0,19374.0,24.2175,24.15875,24.28,0.24243831939713018,0.23659598649192914,0.2480647264170008,,False,True,False
dragon_play,E. Play — following,lead,delta,-89.0,343.0,0.42875000000000085,0.3462499999999977,0.5100000000000016,-0.009046100759456444,-0.016048920377445628,-0.0016906545182651816,0.014,False,True,True
wish_rank,F. Wish,none,bc,2137.0,19675.0,24.59375,24.54625,24.6375,0.10861499364675985,0.10408940817881636,0.11267048856992087,,False,True,False
wish_rank,F. Wish,none,subject,1777.0,19515.0,24.39375,24.34,24.445,0.09105816038944402,0.08687381495513793,0.0948703118211169,,False,True,False
wish_rank,F. Wish,none,delta,-360.0,-160.0,-0.1999999999999993,-0.2575000000000003,-0.1374999999999993,-0.01755683325731583,-0.021403757530077394,-0.013553740054369691,0.0005,False,True,True
wish_rank,F. Wish,2,bc,6369.0,19675.0,24.59375,24.54625,24.6375,0.323710292249047,0.31696874741687014,0.33043921980137714,,False,True,False
wish_rank,F. Wish,2,subject,5723.0,19515.0,24.39375,24.34,24.445,0.2932615936459134,0.2869728589895721,0.29974952797403986,,False,True,False
wish_rank,F. Wish,2,delta,-646.0,-160.0,-0.1999999999999993,-0.2575000000000003,-0.1374999999999993,-0.030448698603133595,-0.03438739588768294,-0.02633291316641179,0.0005,False,True,True
wish_rank,F. Wish,3,bc,2060.0,19675.0,24.59375,24.54625,24.6375,0.10470139771283354,0.10047224431810922,0.10879755419818399,,False,True,False
wish_rank,F. Wish,3,subject,2229.0,19515.0,24.39375,24.34,24.445,0.11421983089930822,0.10976790395616523,0.11864495820355742,,False,True,False
wish_rank,F. Wish,3,delta,169.0,-160.0,-0.1999999999999993,-0.2575000000000003,-0.1374999999999993,0.009518433186474676,0.006362344531346202,0.012684805949152477,0.0005,False,True,True
wish_rank,F. Wish,4,bc,1539.0,19675.0,24.59375,24.54625,24.6375,0.07822109275730622,0.0745500972768611,0.08183170441558145,,False,True,False
wish_rank,F. Wish,4,subject,1741.0,19515.0,24.39375,24.34,24.445,0.0892134255700743,0.08527566737833597,0.09323784510414544,,False,True,False
wish_rank,F. Wish,4,delta,202.0,-160.0,-0.1999999999999993,-0.2575000000000003,-0.1374999999999993,0.010992332812768082,0.007548103452879504,0.014324466703122672,0.0005,False,True,True
wish_rank,F. Wish,5,bc,1413.0,19675.0,24.59375,24.54625,24.6375,0.07181702668360863,0.0681504033558686,0.0754595308049701,,False,True,False
wish_rank,F. Wish,5,subject,1724.0,19515.0,24.39375,24.34,24.445,0.08834230079426082,0.08445576936595083,0.09245528982360647,,False,True,False
wish_rank,F. Wish,5,delta,311.0,-160.0,-0.1999999999999993,-0.2575000000000003,-0.1374999999999993,0.01652527411065219,0.013497732004065512,0.019821115299501476,0.0005,False,True,True
wish_rank,F. Wish,6,bc,350.0,19675.0,24.59375,24.54625,24.6375,0.017789072426937738,0.01600933115402281,0.019630853508267408,,False,True,False
wish_rank,F. Wish,6,subject,406.0,19515.0,24.39375,24.34,24.445,0.020804509351780683,0.01883200788221447,0.022772763468613556,,False,True,False
wish_rank,F. Wish,6,delta,56.0,-160.0,-0.1999999999999993,-0.2575000000000003,-0.1374999999999993,0.003015436924842945,0.0011123050029926077,0.004938031522964255,0.0005,False,True,True
wish_rank,F. Wish,7,bc,35.0,19675.0,24.59375,24.54625,24.6375,0.0017789072426937739,0.0012675378090515428,0.002389431595496942,,False,True,False
wish_rank,F. Wish,7,subject,64.0,19515.0,24.39375,24.34,24.445,0.0032795285677683834,0.002509860164933668,0.00410173323970306,,False,True,False
wish_rank,F. Wish,7,delta,29.0,-160.0,-0.1999999999999993,-0.2575000000000003,-0.1374999999999993,0.0015006213250746095,0.0007419738429225496,0.002271023688672054,0.0005,False,True,True
wish_rank,F. Wish,8,bc,37.0,19675.0,24.59375,24.54625,24.6375,0.001880559085133418,0.0013201253116834097,0.002590308450366615,,False,True,False
wish_rank,F. Wish,8,subject,43.0,19515.0,24.39375,24.34,24.445,0.0022034332564693825,0.0015830140214244334,0.0028681177976952626,,False,True,False
wish_rank,F. Wish,8,delta,6.0,-160.0,-0.1999999999999993,-0.2575000000000003,-0.1374999999999993,0.0003228741713359644,-0.0002437223341655309,0.0008860916752713218,0.287,False,True,False
wish_rank,F. Wish,9,bc,39.0,19675.0,24.59375,24.54625,24.6375,0.001982210927573062,0.0013725039181328553,0.0026392087490605164,,False,True,False
wish_rank,F. Wish,9,subject,26.0,19515.0,24.39375,24.34,24.445,0.0013323084806559056,0.0008700547622703312,0.0018460591764524897,,False,True,False
wish_rank,F. Wish,9,delta,-13.0,-160.0,-0.1999999999999993,-0.2575000000000003,-0.1374999999999993,-0.0006499024469171564,-0.001162740338059477,-0.00013947872145354123,0.017,False,True,True
wish_rank,F. Wish,10,bc,229.0,19675.0,24.59375,24.54625,24.6375,0.011639135959339263,0.010219620147938235,0.013177020791403813,,False,True,False
wish_rank,F. Wish,10,subject,270.0,19515.0,24.39375,24.34,24.445,0.013835511145272867,0.012245593379091016,0.015490806396795152,,False,True,False
wish_rank,F. Wish,10,delta,41.0,-160.0,-0.1999999999999993,-0.2575000000000003,-0.1374999999999993,0.002196375185933604,0.0006736295323848553,0.003745292804363917,0.006,False,True,True
wish_rank,F. Wish,J,bc,45.0,19675.0,24.59375,24.54625,24.6375,0.002287166454891995,0.0016774983961999662,0.0029946654620581037,,False,True,False
wish_rank,F. Wish,J,subject,49.0,19515.0,24.39375,24.34,24.445,0.0025108890596976683,0.0018447300934005108,0.003220574897450734,,False,True,False
wish_rank,F. Wish,J,delta,4.0,-160.0,-0.1999999999999993,-0.2575000000000003,-0.1374999999999993,0.0002237226048056734,-0.0004383670456493726,0.0008429668534451868,0.521,False,True,False
wish_rank,F. Wish,Q,bc,161.0,19675.0,24.59375,24.54625,24.6375,0.008182973316391359,0.006968091736430746,0.00950984869819686,,False,True,False
wish_rank,F. Wish,Q,subject,187.0,19515.0,24.39375,24.34,24.445,0.009582372533948245,0.008199987486274126,0.010994714891370593,,False,True,False
wish_rank,F. Wish,Q,delta,26.0,-160.0,-0.1999999999999993,-0.2575000000000003,-0.1374999999999993,0.0013993992175568865,0.00010074513606352393,0.0026710520045873697,0.037,False,True,True
wish_rank,F. Wish,K,bc,792.0,19675.0,24.59375,24.54625,24.6375,0.04025412960609911,0.03739116501130354,0.04297956079628654,,False,True,False
wish_rank,F. Wish,K,subject,1040.0,19515.0,24.39375,24.34,24.445,0.053292339226236225,0.05022544362441521,0.056308619189820795,,False,True,False
wish_rank,F. Wish,K,delta,248.0,-160.0,-0.1999999999999993,-0.2575000000000003,-0.1374999999999993,0.013038209620137117,0.010200164024239974,0.01591321537305209,0.0005,False,True,True
wish_rank,F. Wish,A,bc,4469.0,19675.0,24.59375,24.54625,24.6375,0.227141041931385,0.22125010031339704,0.23309327117219283,,False,True,False
wish_rank,F. Wish,A,subject,4236.0,19515.0,24.39375,24.34,24.445,0.21706379707916987,0.21118404028157842,0.2229339485155028,,False,True,False
wish_rank,F. Wish,A,delta,-233.0,-160.0,-0.1999999999999993,-0.2575000000000003,-0.1374999999999993,-0.010077244852215145,-0.015104021026405668,-0.005164373545940848,0.0005,False,True,True
wish_gave_opponent,F. Wish,all,bc,5090.0,17538.0,21.9225,21.81746875,22.04125,0.29022693579655606,0.28361139642617367,0.2970671051283775,,False,True,False
wish_gave_opponent,F. Wish,all,subject,4780.0,17738.0,22.1725,22.06625,22.28625,0.2694779569286278,0.26271151402615356,0.27601566410361483,,False,True,False
wish_gave_opponent,F. Wish,all,delta,-310.0,200.0,0.25,0.14375000000000063,0.35249999999999915,-0.02074897886792826,-0.025784844018292022,-0.01592051310300317,0.0005,False,True,True
wish_fulfilled,F. Wish,all,bc,17473.0,17538.0,21.9225,21.81746875,22.04125,0.996293762116547,0.9953278948886607,0.9971466398686364,,False,True,False
wish_fulfilled,F. Wish,all,subject,17632.0,17738.0,22.1725,22.06625,22.28625,0.994024128988612,0.9928632003341555,0.9951571191049317,,False,True,False
wish_fulfilled,F. Wish,all,delta,159.0,200.0,0.25,0.14375000000000063,0.35249999999999915,-0.0022696331279349335,-0.003740475702354104,-0.0008582348687711767,0.0005,False,True,True
dragon_give,G. Dragon Assignment,to next opponent,bc,4923.0,17891.0,22.36375,22.26125,22.46878125,0.275166284724163,0.26858246192087504,0.28173046544968755,,False,True,False
dragon_give,G. Dragon Assignment,to next opponent,subject,5303.0,17457.0,21.82125,21.67996875,21.970031249999998,0.30377498997536806,0.2967608162723279,0.310543028844517,,False,True,False
dragon_give,G. Dragon Assignment,to next opponent,delta,380.0,-434.0,-0.5425000000000004,-0.6974999999999981,-0.38871874999999845,0.02860870525120507,0.02202408486716598,0.035158616831262,0.0005,False,True,True
dragon_give,G. Dragon Assignment,to opponent with more cards,bc,11246.0,15858.0,19.8225,19.68375,19.96625,0.7091688737545718,0.7019234273846384,0.7161135730242978,,False,True,False
dragon_give,G. Dragon Assignment,to opponent with more cards,subject,11495.0,15729.0,19.66125,19.50375,19.81875,0.7308156907622863,0.7238189178144779,0.7378907453132654,,False,True,False
dragon_give,G. Dragon Assignment,to opponent with more cards,delta,249.0,-129.0,-0.16125000000000256,-0.34628125000000126,0.013750000000001705,0.021646817007714425,0.014037439483611702,0.02970762912600905,0.0005,False,True,True
dragon_give,G. Dragon Assignment,to a calling opponent,bc,1031.0,17891.0,22.36375,22.26125,22.46878125,0.05762673970152591,0.05431926905371901,0.060934253712571766,,False,True,False
dragon_give,G. Dragon Assignment,to a calling opponent,subject,940.0,17457.0,21.82125,21.67996875,21.970031249999998,0.053846594489316606,0.05073583203390541,0.057187356470192185,,False,True,False
dragon_give,G. Dragon Assignment,to a calling opponent,delta,-91.0,-434.0,-0.5425000000000004,-0.6974999999999981,-0.38871874999999845,-0.0037801452122093043,-0.007583772589568269,7.08777439350644e-05,0.055,False,True,False
game,A. Round outcome,rounds_per_game,bc,,2170.0,,,,9.21336405529954,9.107515860271937,9.33085627624825,,False,False,False
game,A. Round outcome,rounds_per_game,subject,,2152.0,,,,9.29042750929368,9.26166049096804,9.499768408551068,,False,False,False
game,A. Round outcome,rounds_per_game,delta,,,,,,0.07706345399414083,0.018824753322947085,0.29191347961625985,0.019,False,False,True
game,A. Round outcome,win_rate,bc,,2170.0,,,,0.49170506912442397,0.46834088692002557,0.510444303805574,,False,False,False
game,A. Round outcome,win_rate,subject,,2152.0,,,,0.5794609665427509,0.5547235072302837,0.5984875160051216,,False,False,False
game,A. Round outcome,win_rate,delta,,,,,,0.08775589741832696,0.06593481125970478,0.11038811392546785,0.0005,False,False,True
game,A. Round outcome,margin,bc,,2170.0,,,,-17.456221198156683,-46.39727032473232,11.607595063276483,,False,False,False
game,A. Round outcome,margin,subject,,2152.0,,,,122.75789962825279,94.43796552349573,152.12408576721222,,False,False,False
game,A. Round outcome,margin,delta,,,,,,140.21412082640947,115.94078326876696,167.49609970057176,0.0005,False,False,True
slam,A. Round outcome,for,humans (all),2821.0,24000.0,50.0,50.0,50.0,0.11754166666666667,0.113933748662326,0.12112309842529584,,False,False,False
slam,A. Round outcome,against,humans (all),2821.0,24000.0,50.0,50.0,50.0,0.11754166666666667,0.113933748662326,0.12112309842529584,,False,False,False
round_points,A. Round outcome,total,humans (all),0.0,24000.0,50.0,50.0,50.0,0.0,0.0,0.0,,False,False,False
round_points,A. Round outcome,card play,humans (all),0.0,24000.0,50.0,50.0,50.0,0.0,0.0,0.0,,False,False,False
out_position,A. Round outcome,1st,humans (all),12000.0,48000.0,100.0,100.0,100.0,0.25,0.25,0.25,,False,False,False
out_position,A. Round outcome,2nd,humans (all),12000.0,48000.0,100.0,100.0,100.0,0.25,0.25,0.25,,False,False,False
out_position,A. Round outcome,3rd,humans (all),9179.0,48000.0,100.0,100.0,100.0,0.19122916666666667,0.18943845078735208,0.19303312566883699,,False,False,False
out_position,A. Round outcome,last,humans (all),14821.0,48000.0,100.0,100.0,100.0,0.3087708333333333,0.30696687433116304,0.3105615492126479,,False,False,False
trick_share,A. Round outcome,all,humans (all),0.0,0.0,,,,,,,,True,False,False
grand_call,B. Calls,all,humans (all),3766.0,48000.0,100.0,100.0,100.0,0.07845833333333334,0.07481796636839555,0.08216957694859209,,False,True,False
grand_call,B. Calls,power 0.0,humans (all),150.0,18055.0,37.614583333333336,37.25829928360771,37.97475880439229,0.008307947936859596,0.00679104549901824,0.009917997747786223,,False,True,False
grand_call,B. Calls,power 1.0,humans (all),864.0,20432.0,42.56666666666667,42.107917347126076,43.001674135652024,0.042286609240407204,0.03797075986745762,0.04657522593641115,,False,True,False
grand_call,B. Calls,power 2.0,humans (all),1775.0,7890.0,16.4375,16.131773501081287,16.75068453705609,0.2249683143219265,0.21253328150526452,0.236631717124883,,False,True,False
grand_call,B. Calls,power 3.0,humans (all),875.0,1495.0,3.1145833333333335,2.965182104804554,3.257740339767201,0.5852842809364549,0.5598111331709705,0.6105357534706243,,False,True,False
grand_call,B. Calls,power 4.0+,humans (all),102.0,128.0,0.26666666666666666,0.22228384084909436,0.3129936778093942,,,,,True,True,False
tichu_call,B. Calls,all,humans (all),6602.0,44155.0,91.98958333333333,91.61563607276048,92.35419807954828,0.14951874079945646,0.14649864067056545,0.15262899907831765,,False,True,False
tichu_call,B. Calls,power 0.0,humans (all),161.0,11145.0,23.21875,22.857882648759254,23.588000312018508,0.014445939883355765,0.01223176508521123,0.016692091868170725,,False,True,False
tichu_call,B. Calls,power 1.0,humans (all),758.0,14711.0,30.647916666666667,30.169094031105914,31.11957178277666,0.05152606892801305,0.04775275560807784,0.05510270518118505,,False,True,False
tichu_call,B. Calls,power 4.0+,humans (all),1220.0,1630.0,3.3958333333333335,3.2350362626237925,3.5714434313294263,0.7484662576687117,0.7258997531954171,0.7705318652028214,,False,True,False
tichu_call,B. Calls,power 2.0,humans (all),1958.0,11119.0,23.164583333333333,22.742620546340724,23.590804377138056,0.17609497256947568,0.16925718341038354,0.18344329816675123,,False,True,False
tichu_call,B. Calls,power 3.0,humans (all),2505.0,5550.0,11.5625,11.278036994002754,11.849399772900178,0.45135135135135135,0.43818432291833914,0.4652619179809561,,False,True,False
tichu_call_context,B. Calls,nobody called,humans (all),5667.0,24082.0,50.170833333333334,49.024008547528034,51.32059132002401,0.23532098662901751,0.2290729056248717,0.24164046637957592,,False,True,False
tichu_call_context,B. Calls,opponent called,humans (all),903.0,12918.0,26.9125,26.363039110699997,27.448435140653178,0.06990246168137483,0.06514198792845632,0.07491585485006538,,False,True,False
tichu_call_context,B. Calls,partner called,humans (all),32.0,7155.0,14.90625,14.52386734502297,15.294950335476162,0.004472396925227114,0.002841948985352202,0.006245652932751483,,False,True,False
call_success,B. Calls,grand,humans (all),2368.0,3766.0,7.845833333333333,7.481796636839555,8.21695769485921,0.6287838555496548,0.6143648403394903,0.6432915694269936,,False,True,False
call_success,B. Calls,tichu,humans (all),4871.0,6602.0,13.754166666666666,13.462339683412086,14.038200746673063,0.7378067252347773,0.7274941432728051,0.7478089748051506,,False,True,False
call_bonus,B. Calls,net,humans (all),508000.0,24000.0,50.0,50.0,50.0,21.166666666666668,20.149636829255645,22.209178285350127,,False,False,False
schupfen_card,C. Schupfen,to next: 10,humans (all),1275.0,48000.0,100.0,100.0,100.0,0.0265625,0.02504850583590375,0.028074040591685546,,False,True,False
schupfen_card,C. Schupfen,to next: 2,humans (all),12408.0,48000.0,100.0,100.0,100.0,0.2585,0.2526672902431384,0.2642574733316795,,False,True,False
schupfen_card,C. Schupfen,to next: 3,humans (all),5932.0,48000.0,100.0,100.0,100.0,0.12358333333333334,0.11918821063958603,0.12779404152833174,,False,True,False
schupfen_card,C. Schupfen,to next: 4,humans (all),7237.0,48000.0,100.0,100.0,100.0,0.15077083333333333,0.14740864532786405,0.15427687323247577,,False,True,False
schupfen_card,C. Schupfen,to next: 5,humans (all),4038.0,48000.0,100.0,100.0,100.0,0.084125,0.08125508236030025,0.08713790735285555,,False,True,False
schupfen_card,C. Schupfen,to next: 6,humans (all),4922.0,48000.0,100.0,100.0,100.0,0.10254166666666667,0.09971287106819769,0.10543511873312199,,False,True,False
schupfen_card,C. Schupfen,to next: 7,humans (all),3345.0,48000.0,100.0,100.0,100.0,0.0696875,0.0672882895554882,0.07216221598451399,,False,True,False
schupfen_card,C. Schupfen,to next: 8,humans (all),3369.0,48000.0,100.0,100.0,100.0,0.0701875,0.06771351633756623,0.07268916924590926,,False,True,False
schupfen_card,C. Schupfen,to next: 9,humans (all),2101.0,48000.0,100.0,100.0,100.0,0.043770833333333335,0.041873172095365306,0.045721366141249886,,False,True,False
schupfen_card,C. Schupfen,to next: A,humans (all),3.0,48000.0,100.0,100.0,100.0,6.25e-05,0.0,0.00014565217865779664,,False,True,False
schupfen_card,C. Schupfen,to next: J,humans (all),507.0,48000.0,100.0,100.0,100.0,0.0105625,0.00962575806970222,0.011594154735127033,,False,True,False
schupfen_card,C. Schupfen,to next: K,humans (all),16.0,48000.0,100.0,100.0,100.0,0.0003333333333333333,0.0001677001187627751,0.0004950209264717958,,False,True,False
schupfen_card,C. Schupfen,to next: Q,humans (all),163.0,48000.0,100.0,100.0,100.0,0.003395833333333333,0.0028209593677744,0.003965754145960029,,False,True,False
schupfen_card,C. Schupfen,to next: dog,humans (all),2517.0,48000.0,100.0,100.0,100.0,0.0524375,0.04989106188105254,0.05475537394060234,,False,True,False
schupfen_card,C. Schupfen,to next: mahjong,humans (all),164.0,48000.0,100.0,100.0,100.0,0.003416666666666667,0.002821006312593851,0.004091568049476585,,False,True,False
schupfen_card,C. Schupfen,to next: phoenix,humans (all),3.0,48000.0,100.0,100.0,100.0,6.25e-05,0.0,0.00014475999828702618,,False,True,False
schupfen_card,C. Schupfen,to partner: 10,humans (all),3153.0,48000.0,100.0,100.0,100.0,0.0656875,0.06332879922701673,0.06810101205264628,,False,True,False
schupfen_card,C. Schupfen,to partner: 2,humans (all),143.0,48000.0,100.0,100.0,100.0,0.002979166666666667,0.002457710023262898,0.00352718260720376,,False,True,False
schupfen_card,C. Schupfen,to partner: 3,humans (all),144.0,48000.0,100.0,100.0,100.0,0.003,0.002508695719403822,0.0035246875011094108,,False,True,False
schupfen_card,C. Schupfen,to partner: 4,humans (all),290.0,48000.0,100.0,100.0,100.0,0.0060416666666666665,0.005265481839031911,0.006820417307608523,,False,True,False
schupfen_card,C. Schupfen,to partner: 5,humans (all),460.0,48000.0,100.0,100.0,100.0,0.009583333333333333,0.008678373758068056,0.01050038765619002,,False,True,False
schupfen_card,C. Schupfen,to partner: 6,humans (all),667.0,48000.0,100.0,100.0,100.0,0.013895833333333333,0.012795856805629079,0.01508780678205766,,False,True,False
schupfen_card,C. Schupfen,to partner: 7,humans (all),961.0,48000.0,100.0,100.0,100.0,0.020020833333333335,0.018711577652975864,0.021388768047644776,,False,True,False
schupfen_card,C. Schupfen,to partner: 8,humans (all),1537.0,48000.0,100.0,100.0,100.0,0.03202083333333333,0.030305508392291413,0.033683471163419215,,False,True,False
schupfen_card,C. Schupfen,to partner: 9,humans (all),2110.0,48000.0,100.0,100.0,100.0,0.043958333333333335,0.042006238779197236,0.04588514857911678,,False,True,False
schupfen_card,C. Schupfen,to partner: A,humans (all),9995.0,48000.0,100.0,100.0,100.0,0.20822916666666666,0.20407970388230312,0.21273187545835662,,False,True,False
schupfen_card,C. Schupfen,to partner: J,humans (all),4712.0,48000.0,100.0,100.0,100.0,0.09816666666666667,0.09509130395665405,0.10112602860156354,,False,True,False
schupfen_card,C. Schupfen,to partner: K,humans (all),7731.0,48000.0,100.0,100.0,100.0,0.1610625,0.15712576477505233,0.16495305398858337,,False,True,False
schupfen_card,C. Schupfen,to partner: Q,humans (all),6174.0,48000.0,100.0,100.0,100.0,0.128625,0.12516354421273426,0.13193126190047094,,False,True,False
schupfen_card,C. Schupfen,to partner: dog,humans (all),1771.0,48000.0,100.0,100.0,100.0,0.036895833333333336,0.035066888182185986,0.0386147201381467,,False,True,False
schupfen_card,C. Schupfen,to partner: dragon,humans (all),4652.0,48000.0,100.0,100.0,100.0,0.09691666666666666,0.09413757496070205,0.09963517755136636,,False,True,False
schupfen_card,C. Schupfen,to partner: mahjong,humans (all),975.0,48000.0,100.0,100.0,100.0,0.0203125,0.018943300650042023,0.021705582301249738,,False,True,False
schupfen_card,C. Schupfen,to partner: phoenix,humans (all),2525.0,48000.0,100.0,100.0,100.0,0.05260416666666667,0.05047812776532845,0.05471921504404453,,False,True,False
schupfen_card,C. Schupfen,to previous: 10,humans (all),1023.0,48000.0,100.0,100.0,100.0,0.0213125,0.019933262216490683,0.022676990366835625,,False,True,False
schupfen_card,C. Schupfen,to previous: 2,humans (all),9004.0,48000.0,100.0,100.0,100.0,0.18758333333333332,0.1811625814691343,0.19393213957859645,,False,True,False
schupfen_card,C. Schupfen,to previous: 3,humans (all),10265.0,48000.0,100.0,100.0,100.0,0.21385416666666668,0.20904154428152394,0.21863625185620542,,False,True,False
schupfen_card,C. Schupfen,to previous: 4,humans (all),5181.0,48000.0,100.0,100.0,100.0,0.1079375,0.1045623407938289,0.11107419072542407,,False,True,False
schupfen_card,C. Schupfen,to previous: 5,humans (all),6196.0,48000.0,100.0,100.0,100.0,0.12908333333333333,0.12562846423018773,0.13262852830853525,,False,True,False
schupfen_card,C. Schupfen,to previous: 6,humans (all),3849.0,48000.0,100.0,100.0,100.0,0.0801875,0.07763248775408697,0.0825702257470795,,False,True,False
schupfen_card,C. Schupfen,to previous: 7,humans (all),4322.0,48000.0,100.0,100.0,100.0,0.09004166666666667,0.08725850579463129,0.09304200354813574,,False,True,False
schupfen_card,C. Schupfen,to previous: 8,humans (all),2531.0,48000.0,100.0,100.0,100.0,0.05272916666666667,0.05066954381477881,0.05482119129983323,,False,True,False
schupfen_card,C. Schupfen,to previous: 9,humans (all),2568.0,48000.0,100.0,100.0,100.0,0.0535,0.051226850162818464,0.0559101597649844,,False,True,False
schupfen_card,C. Schupfen,to previous: A,humans (all),3.0,48000.0,100.0,100.0,100.0,6.25e-05,0.0,0.00014571281691286522,,False,True,False
schupfen_card,C. Schupfen,to previous: J,humans (all),504.0,48000.0,100.0,100.0,100.0,0.0105,0.009527276549618722,0.01150422278493859,,False,True,False
schupfen_card,C. Schupfen,to previous: K,humans (all),17.0,48000.0,100.0,100.0,100.0,0.0003541666666666667,0.00018915470966959552,0.0005340278606303021,,False,True,False
schupfen_card,C. Schupfen,to previous: Q,humans (all),173.0,48000.0,100.0,100.0,100.0,0.0036041666666666665,0.0030845093050895604,0.004151190433167674,,False,True,False
schupfen_card,C. Schupfen,to previous: dog,humans (all),2299.0,48000.0,100.0,100.0,100.0,0.04789583333333333,0.04561657959918961,0.05029478320338009,,False,True,False
schupfen_card,C. Schupfen,to previous: mahjong,humans (all),65.0,48000.0,100.0,100.0,100.0,0.0013541666666666667,0.0009632983394221339,0.0017747697382100142,,False,True,False
special_gift,C. Schupfen,dog → kept,humans (all),5413.0,12000.0,25.0,25.0,25.0,0.45108333333333334,0.43860169060948956,0.4641020796240175,,False,True,False
special_gift,C. Schupfen,dog → opponent,humans (all),4816.0,12000.0,25.0,25.0,25.0,0.4013333333333333,0.3871481871813664,0.41526151491537294,,False,True,False
special_gift,C. Schupfen,dog → partner,humans (all),1771.0,12000.0,25.0,25.0,25.0,0.14758333333333334,0.14026755272874394,0.1544588805525868,,False,True,False
special_gift,C. Schupfen,dragon → kept,humans (all),7348.0,12000.0,25.0,25.0,25.0,0.6123333333333333,0.6014592897945344,0.6234497001571918,,False,True,False
special_gift,C. Schupfen,dragon → partner,humans (all),4652.0,12000.0,25.0,25.0,25.0,0.38766666666666666,0.3765502998428082,0.39854071020546544,,False,True,False
special_gift,C. Schupfen,phoenix → kept,humans (all),9472.0,12000.0,25.0,25.0,25.0,0.7893333333333333,0.7807620114639958,0.7978503316217601,,False,True,False
special_gift,C. Schupfen,phoenix → opponent,humans (all),3.0,12000.0,25.0,25.0,25.0,0.00025,0.0,0.0005790399931481047,,False,True,False
special_gift,C. Schupfen,phoenix → partner,humans (all),2525.0,12000.0,25.0,25.0,25.0,0.21041666666666667,0.2019125110613138,0.2188768601761781,,False,True,False
special_gift,C. Schupfen,mahjong → kept,humans (all),10796.0,12000.0,25.0,25.0,25.0,0.8996666666666666,0.8932690599925411,0.9060086016262399,,False,True,False
special_gift,C. Schupfen,mahjong → opponent,humans (all),229.0,12000.0,25.0,25.0,25.0,0.019083333333333334,0.015865150807440526,0.022638123677361194,,False,True,False
special_gift,C. Schupfen,mahjong → partner,humans (all),975.0,12000.0,25.0,25.0,25.0,0.08125,0.0757732026001681,0.08682232920499895,,False,True,False
schupfen_breaks_bomb,C. Schupfen,all,humans (all),94.0,2457.0,5.11875,4.913735903617464,5.315494384868433,0.03825803825803826,0.0312233406750763,0.04596797367445309,,False,True,False
high_card_to_partner,C. Schupfen,no Grand,humans (all),14497.0,44234.0,92.15416666666667,91.7830423051408,92.51820336316044,0.3277343220147398,0.32116573484562894,0.334863330128671,,False,True,False
high_card_to_partner,C. Schupfen,partner called Grand,humans (all),2675.0,3766.0,7.845833333333333,7.481796636839555,8.21695769485921,0.7103027084439724,0.6962120190019393,0.7250403546696308,,False,True,False
lead_type,D. Play — leading,bomb,humans (all),474.0,124552.0,259.48333333333335,258.4490720174322,260.49628695789886,0.0038056394116513584,0.0034723261331349726,0.004161870173278409,,False,True,False
lead_type,D. Play — leading,dog,humans (all),8347.0,124552.0,259.48333333333335,258.4490720174322,260.49628695789886,0.06701618601066221,0.06619478722709127,0.06779847168115453,,False,True,False
lead_type,D. Play — leading,full_house,humans (all),8923.0,124552.0,259.48333333333335,258.4490720174322,260.49628695789886,0.07164076048558032,0.07023060658962517,0.07299292519344762,,False,True,False
lead_type,D. Play — leading,pair,humans (all),21393.0,124552.0,259.48333333333335,258.4490720174322,260.49628695789886,0.1717595863575053,0.16970096915568786,0.17378196306474944,,False,True,False
lead_type,D. Play — leading,pair_step,humans (all),8336.0,124552.0,259.48333333333335,258.4490720174322,260.49628695789886,0.06692786948423149,0.06559871699253923,0.06823205275310482,,False,True,False
lead_type,D. Play — leading,single,humans (all),53822.0,124552.0,259.48333333333335,258.4490720174322,260.49628695789886,0.4321247350504207,0.42942168558323235,0.43484323831420774,,False,True,False
lead_type,D. Play — leading,straight,humans (all),17195.0,124552.0,259.48333333333335,258.4490720174322,260.49628695789886,0.13805478836148757,0.13635462032443363,0.13979469089864363,,False,True,False
lead_type,D. Play — leading,triple,humans (all),6062.0,124552.0,259.48333333333335,258.4490720174322,260.49628695789886,0.04867043483846104,0.04734403415171869,0.0500124806686913,,False,True,False
dog_lead,D. Play — leading,partner not called,humans (all),5871.0,14175.0,29.53125,28.96180873395987,30.064721547680403,0.4141798941798942,0.4056441519669988,0.42301535119663686,,False,True,False
dog_lead,D. Play — leading,partner called,humans (all),2476.0,5139.0,10.70625,10.279155964458491,11.148542586260277,0.4818057987935396,0.46540538897173955,0.4972470755765942,,False,True,False
pass_despite_beat,E. Play — following,opponent,humans (all),66780.0,218243.0,454.67291666666665,451.947366281908,457.44708675657574,0.3059891955297535,0.3032525775605813,0.30862903118926743,,False,True,False
pass_despite_beat,E. Play — following,partner,humans (all),46917.0,66908.0,139.39166666666668,138.11633876416957,140.7975314288471,0.7012165959227596,0.6972843152349603,0.7052075135871839,,False,True,False
pass_despite_beat,E. Play — following,"opponent, trick ≥10 pts",humans (all),21291.0,57641.0,120.08541666666666,118.67187730318528,121.53850681015638,0.3693724952724623,0.3648107539305805,0.3738521285946227,,False,True,False
pass_despite_beat,E. Play — following,"partner, trick ≥10 pts",humans (all),17735.0,20622.0,42.9625,42.33514259582061,43.65971003667902,0.8600038793521482,0.8546735938114907,0.865521439419207,,False,True,False
partner_overtake,E. Play — following,partner not called,humans (all),16453.0,50686.0,105.59583333333333,104.28130160077016,106.89955358279657,0.3246064001894014,0.32004165654315164,0.3292556669441527,,False,True,False
partner_overtake,E. Play — following,partner called,humans (all),3538.0,16222.0,33.795833333333334,32.8877719125881,34.70103281673845,0.21809887806682282,0.21134379031085293,0.22524956245588895,,False,True,False
caller_overtake_then_fail,E. Play — following,yielded,humans (all),1168.0,4334.0,9.029166666666667,8.782482908275103,9.277343723351873,0.26949700046146746,0.2557752399843614,0.283120661152091,,False,True,False
caller_overtake_then_fail,E. Play — following,overtook,humans (all),1037.0,2960.0,6.166666666666667,5.9383531353227506,6.395506724791943,0.35033783783783784,0.3333304882212359,0.36718536663238127,,False,True,False
caller_passivity,E. Play — following,any beat,humans (all),6608.0,38009.0,79.18541666666667,77.50301173236781,80.93970574238247,0.17385356099871083,0.16851863432509542,0.17915032099724135,,False,True,False
caller_passivity,E. Play — following,bomb legal,humans (all),2051.0,6469.0,13.477083333333333,12.746408833724114,14.264177803058315,0.317050548771062,0.3042023163083335,0.33025272042485054,,False,True,False
bomb_when_legal,E. Play — following,opponent,humans (all),4131.0,27674.0,57.65416666666667,55.925982629949594,59.46960806916307,0.14927368649273687,0.14616297548365714,0.15230713642425497,,False,True,False
bomb_when_legal,E. Play — following,partner,humans (all),241.0,9293.0,19.360416666666666,18.632926181849392,20.155329704259493,0.02593349833207791,0.022829392255213705,0.02911723040137041,,False,True,False
bombs_per_round,E. Play — following,per seat-Round,humans (all),5049.0,48000.0,100.0,100.0,100.0,0.1051875,0.10216234851678539,0.10823032855862977,,False,False,False
bomb_unplayed,E. Play — following,all,humans (all),617.0,5568.0,11.6,11.296060212093836,11.916501012805773,0.1108117816091954,0.10291680943702672,0.11891069906434137,,False,True,False
phoenix_use,E. Play — following,combination,humans (all),7140.0,11567.0,24.097916666666666,24.009927235723495,24.180978608325294,0.6172732774271635,0.6078940049325553,0.6266290885039794,,False,True,False
phoenix_use,E. Play — following,single lead,humans (all),645.0,11567.0,24.097916666666666,24.009927235723495,24.180978608325294,0.055762081784386616,0.05165211485775923,0.059990177425152426,,False,True,False
phoenix_use,E. Play — following,single other,humans (all),619.0,11567.0,24.097916666666666,24.009927235723495,24.180978608325294,0.05351430794501599,0.049446243422148595,0.05777773015137854,,False,True,False
phoenix_use,E. Play — following,single over A,humans (all),3163.0,11567.0,24.097916666666666,24.009927235723495,24.180978608325294,0.2734503328434339,0.2648983805897804,0.2819673327954741,,False,True,False
dragon_play,E. Play — following,"follow, trick <10 pts",humans (all),5849.0,11588.0,24.141666666666666,24.06120447363143,24.221915254867785,0.5047462892647566,0.4959993244998701,0.5134790785874126,,False,True,False
dragon_play,E. Play — following,"follow, trick ≥10 pts",humans (all),3756.0,11588.0,24.141666666666666,24.06120447363143,24.221915254867785,0.3241284086986538,0.3159534706502454,0.33247025394694696,,False,True,False
dragon_play,E. Play — following,lead,humans (all),1983.0,11588.0,24.141666666666666,24.06120447363143,24.221915254867785,0.17112530203658957,0.16439740806361403,0.1778631348823021,,False,True,False
wish_rank,F. Wish,none,humans (all),1815.0,11654.0,24.279166666666665,24.20165682965997,24.359845049935387,0.15574051827698646,0.14862817203696202,0.16263517288934118,,False,True,False
wish_rank,F. Wish,2,humans (all),2592.0,11654.0,24.279166666666665,24.20165682965997,24.359845049935387,0.2224129054401922,0.2146909799139624,0.23037670500608734,,False,True,False
wish_rank,F. Wish,3,humans (all),1575.0,11654.0,24.279166666666665,24.20165682965997,24.359845049935387,0.1351467307362279,0.12866094686564505,0.14159111968307764,,False,True,False
wish_rank,F. Wish,4,humans (all),1321.0,11654.0,24.279166666666665,24.20165682965997,24.359845049935387,0.11335163892225845,0.10773816378197218,0.1193569871296183,,False,True,False
wish_rank,F. Wish,5,humans (all),1033.0,11654.0,24.279166666666665,24.20165682965997,24.359845049935387,0.0886390938733482,0.08339069624835953,0.09390874351467544,,False,True,False
wish_rank,F. Wish,6,humans (all),717.0,11654.0,24.279166666666665,24.20165682965997,24.359845049935387,0.06152394027801613,0.057266024021587834,0.06582889865970687,,False,True,False
wish_rank,F. Wish,7,humans (all),407.0,11654.0,24.279166666666665,24.20165682965997,24.359845049935387,0.03492363137120302,0.03154311778208969,0.038276937134493226,,False,True,False
wish_rank,F. Wish,8,humans (all),314.0,11654.0,24.279166666666665,24.20165682965997,24.359845049935387,0.026943538699159088,0.02390160937251713,0.029968681672011527,,False,True,False
wish_rank,F. Wish,9,humans (all),176.0,11654.0,24.279166666666665,24.20165682965997,24.359845049935387,0.015102110863222927,0.01277399383806498,0.017411023158142858,,False,True,False
wish_rank,F. Wish,10,humans (all),203.0,11654.0,24.279166666666665,24.20165682965997,24.359845049935387,0.017418911961558262,0.014951317523341709,0.020024063251976625,,False,True,False
wish_rank,F. Wish,J,humans (all),107.0,11654.0,24.279166666666665,24.20165682965997,24.359845049935387,0.009181396945254848,0.007434799726648906,0.011076646487030436,,False,True,False
wish_rank,F. Wish,Q,humans (all),88.0,11654.0,24.279166666666665,24.20165682965997,24.359845049935387,0.007551055431611464,0.00595233035410696,0.009151067813900305,,False,True,False
wish_rank,F. Wish,K,humans (all),186.0,11654.0,24.279166666666665,24.20165682965997,24.359845049935387,0.015960185344087868,0.013581395317609025,0.01850738689446003,,False,True,False
wish_rank,F. Wish,A,humans (all),1120.0,11654.0,24.279166666666665,24.20165682965997,24.359845049935387,0.09610434185687318,0.08945029793317917,0.10258246766044601,,False,True,False
wish_gave_opponent,F. Wish,all,humans (all),4214.0,9839.0,20.497916666666665,20.300190072535365,20.684027051861822,0.42829555849171663,0.4166727754895718,0.44033776261506447,,False,True,False
wish_fulfilled,F. Wish,all,humans (all),9689.0,9839.0,20.497916666666665,20.300190072535365,20.684027051861822,0.9847545482264458,0.9822362975696126,0.9872631908473672,,False,True,False
dragon_give,G. Dragon Assignment,to next opponent,humans (all),3869.0,10727.0,22.347916666666666,22.2070786081182,22.485155655550162,0.360678661321898,0.3502229369456753,0.37122535055736655,,False,True,False
dragon_give,G. Dragon Assignment,to opponent with more cards,humans (all),6894.0,9548.0,19.891666666666666,19.714665003263253,20.07204112107398,0.7220360284876414,0.7119567240924438,0.7319193420404483,,False,True,False
dragon_give,G. Dragon Assignment,to a calling opponent,humans (all),398.0,10727.0,22.347916666666666,22.2070786081182,22.485155655550162,0.03710263820266617,0.03352500223939072,0.041024034436466995,,False,True,False
game,A. Round outcome,rounds_per_game,humans (all),,1261.0,,,,9.482157018239493,9.337827121332277,9.622521808088818,,False,False,False
slam,A. Round outcome,for,humans (top 10%),1133.0,8107.0,50.0,50.0,50.0,0.13975576662143827,0.13196037823841722,0.14769924115436558,,False,False,False
slam,A. Round outcome,against,humans (top 10%),722.0,8107.0,50.0,50.0,50.0,0.08905883804119896,0.08270198398567893,0.09535800351545369,,False,False,False
round_points,A. Round outcome,total,humans (top 10%),246550.0,8107.0,50.0,50.0,50.0,30.41198963858394,25.309911087580808,35.74232172908092,,False,False,False
round_points,A. Round outcome,card play,humans (top 10%),130950.0,8107.0,50.0,50.0,50.0,16.15270753669668,13.58344312816224,18.742975473342888,,False,False,False
out_position,A. Round outcome,1st,humans (top 10%),4425.0,16214.0,100.0,100.0,100.0,0.2729122980140619,0.2673806687296577,0.2785785495131321,,False,False,False
out_position,A. Round outcome,2nd,humans (top 10%),4093.0,16214.0,100.0,100.0,100.0,0.25243616627605775,0.2466640329589579,0.2581418247551455,,False,False,False
out_position,A. Round outcome,3rd,humans (top 10%),3341.0,16214.0,100.0,100.0,100.0,0.2060564943875663,0.20066303110484227,0.2116025473267216,,False,False,False
out_position,A. Round outcome,last,humans (top 10%),4355.0,16214.0,100.0,100.0,100.0,0.26859504132231404,0.26096390489065097,0.27601575806086376,,False,False,False
trick_share,A. Round outcome,all,humans (top 10%),0.0,0.0,,,,,,,,True,False,False
grand_call,B. Calls,all,humans (top 10%),2162.0,16214.0,100.0,100.0,100.0,0.13334155667941286,0.12634860352685479,0.1402589955972205,,False,True,False
grand_call,B. Calls,power 0.0,humans (top 10%),79.0,5978.0,36.86937214752683,36.16059288539709,37.54783191226279,0.013215122114419539,0.010063207405768448,0.0165874916750666,,False,True,False
grand_call,B. Calls,power 1.0,humans (top 10%),572.0,6985.0,43.08005427408413,42.33381976796819,43.77395523621635,0.08188976377952756,0.07330841196657562,0.09071548872942889,,False,True,False
grand_call,B. Calls,power 2.0,humans (top 10%),1102.0,2723.0,16.794128530899222,16.242763660578916,17.35777647076583,0.4047006977598237,0.38263595253958577,0.4269692110105936,,False,True,False
grand_call,B. Calls,power 3.0,humans (top 10%),377.0,489.0,3.0159121746638706,2.7540366792170605,3.289239277172865,0.7709611451942741,0.7321579563368843,0.8105011576232207,,False,True,False
grand_call,B. Calls,power 4.0+,humans (top 10%),32.0,39.0,0.24053287282595287,0.17287420215389945,0.3143956281163827,,,,,True,True,False
tichu_call,B. Calls,all,humans (top 10%),2229.0,14037.0,86.57333168866411,85.8678779860415,87.27619575497967,0.15879461423381064,0.1529597047049735,0.16445730379836251,,False,True,False
tichu_call,B. Calls,power 0.0,humans (top 10%),52.0,3759.0,23.183668434686073,22.411667227993565,23.973368661269735,0.013833466347432828,0.010200387885875106,0.017718641441575908,,False,True,False
tichu_call,B. Calls,power 2.0,humans (top 10%),802.0,3593.0,22.159861847785866,21.367463446689666,22.930004009081337,0.22321180072362928,0.2103069583606679,0.23635500844234905,,False,True,False
tichu_call,B. Calls,power 1.0,humans (top 10%),300.0,4784.0,29.505365733316886,28.6528267567481,30.393409698891144,0.06270903010033445,0.0557289688871994,0.07004902570965153,,False,True,False
tichu_call,B. Calls,power 3.0,humans (top 10%),751.0,1479.0,9.12174663870729,8.567981644367384,9.646937909536359,0.5077755240027045,0.48313956107486355,0.5322858633475562,,False,True,False
tichu_call,B. Calls,power 4.0+,humans (top 10%),324.0,422.0,2.602689034168003,2.3318124176374475,2.8768965631235845,0.7677725118483413,0.7275061139987115,0.8067674702252834,,False,True,False
tichu_call_context,B. Calls,nobody called,humans (top 10%),1849.0,6250.0,38.54693474774886,37.10249751127265,39.958840087534675,0.29584,0.28457520035541534,0.30756608264100394,,False,True,False
tichu_call_context,B. Calls,opponent called,humans (top 10%),369.0,4482.0,27.642777846305663,26.463875761300663,28.824879278840633,0.0823293172690763,0.07439247701821079,0.09067803173770511,,False,True,False
tichu_call_context,B. Calls,partner called,humans (top 10%),11.0,3305.0,20.383619094609596,19.708277070576965,21.058229413136107,0.0033282904689863843,0.0014398313808510065,0.005637108401790079,,False,True,False
call_success,B. Calls,grand,humans (top 10%),1407.0,2162.0,13.334155667941285,12.63486035268548,14.025899559722049,0.650786308973173,0.6284075767001407,0.6741909511492536,,False,True,False
call_success,B. Calls,tichu,humans (top 10%),1670.0,2230.0,13.753546317996793,13.208199263450659,14.28580204658347,0.7488789237668162,0.7289929971263625,0.768868962309403,,False,True,False
call_bonus,B. Calls,net,humans (top 10%),241400.0,8107.0,50.0,50.0,50.0,29.776736153941037,27.082566396004598,32.45961521363808,,False,False,False
schupfen_card,C. Schupfen,to next: 10,humans (top 10%),415.0,16214.0,100.0,100.0,100.0,0.025595164672505243,0.02312636552279588,0.028289618556032098,,False,True,False
schupfen_card,C. Schupfen,to next: 2,humans (top 10%),5105.0,16214.0,100.0,100.0,100.0,0.3148513630196127,0.30595391403219974,0.32375328601569714,,False,True,False
schupfen_card,C. Schupfen,to next: 3,humans (top 10%),1309.0,16214.0,100.0,100.0,100.0,0.0807327001356852,0.07490408438607553,0.08660757106058133,,False,True,False
schupfen_card,C. Schupfen,to next: 4,humans (top 10%),2869.0,16214.0,100.0,100.0,100.0,0.17694584926606635,0.17053548720688103,0.18350550347349917,,False,True,False
schupfen_card,C. Schupfen,to next: 5,humans (top 10%),1017.0,16214.0,100.0,100.0,100.0,0.06272357222153695,0.05869921069103936,0.06667074353020744,,False,True,False
schupfen_card,C. Schupfen,to next: 6,humans (top 10%),1902.0,16214.0,100.0,100.0,100.0,0.11730603182434933,0.11211988064004783,0.12252457746211244,,False,True,False
schupfen_card,C. Schupfen,to next: 7,humans (top 10%),907.0,16214.0,100.0,100.0,100.0,0.055939311705933144,0.052258790573010756,0.0597844747572026,,False,True,False
schupfen_card,C. Schupfen,to next: 8,humans (top 10%),1328.0,16214.0,100.0,100.0,100.0,0.08190452695201678,0.07769201975351288,0.08631917053878375,,False,True,False
schupfen_card,C. Schupfen,to next: 9,humans (top 10%),619.0,16214.0,100.0,100.0,100.0,0.03817688417417047,0.0352254981860245,0.041387912575673216,,False,True,False
schupfen_card,C. Schupfen,to next: J,humans (top 10%),155.0,16214.0,100.0,100.0,100.0,0.009559639817441717,0.007985990087413875,0.011200586096069592,,False,True,False
schupfen_card,C. Schupfen,to next: K,humans (top 10%),2.0,16214.0,100.0,100.0,100.0,0.00012335019119279634,0.0,0.00031041055319436743,,False,True,False
schupfen_card,C. Schupfen,to next: Q,humans (top 10%),77.0,16214.0,100.0,100.0,100.0,0.0047489823609226595,0.0036563751287986704,0.005938245953576066,,False,True,False
schupfen_card,C. Schupfen,to next: dog,humans (top 10%),491.0,16214.0,100.0,100.0,100.0,0.030282471937831505,0.027056504359985325,0.03353464385970212,,False,True,False
schupfen_card,C. Schupfen,to next: dragon,humans (top 10%),1.0,16214.0,100.0,100.0,100.0,6.167509559639817e-05,0.0,0.0001890646784699666,,False,True,False
schupfen_card,C. Schupfen,to next: mahjong,humans (top 10%),17.0,16214.0,100.0,100.0,100.0,0.0010484766251387689,0.0005535685197803714,0.001664647541144509,,False,True,False
schupfen_card,C. Schupfen,to partner: 10,humans (top 10%),1074.0,16214.0,100.0,100.0,100.0,0.06623905267053164,0.06233155402604726,0.07027580211575614,,False,True,False
schupfen_card,C. Schupfen,to partner: 2,humans (top 10%),110.0,16214.0,100.0,100.0,100.0,0.0067842605156037995,0.005369692945356817,0.008171731452022869,,False,True,False
schupfen_card,C. Schupfen,to partner: 3,humans (top 10%),114.0,16214.0,100.0,100.0,100.0,0.007030960897989392,0.005781974521327542,0.008359097082591763,,False,True,False
schupfen_card,C. Schupfen,to partner: 4,humans (top 10%),171.0,16214.0,100.0,100.0,100.0,0.010546441346984087,0.00897346073557676,0.012081516524020735,,False,True,False
schupfen_card,C. Schupfen,to partner: 5,humans (top 10%),237.0,16214.0,100.0,100.0,100.0,0.014616997656346368,0.012898384916205517,0.016628815652056518,,False,True,False
schupfen_card,C. Schupfen,to partner: 6,humans (top 10%),321.0,16214.0,100.0,100.0,100.0,0.019797705686443814,0.017565290161060135,0.022145425627260233,,False,True,False
schupfen_card,C. Schupfen,to partner: 7,humans (top 10%),406.0,16214.0,100.0,100.0,100.0,0.025040088812137658,0.022685203542063853,0.02750810170328314,,False,True,False
schupfen_card,C. Schupfen,to partner: 8,humans (top 10%),594.0,16214.0,100.0,100.0,100.0,0.036635006784260515,0.03369618073914623,0.03960906102256957,,False,True,False
schupfen_card,C. Schupfen,to partner: 9,humans (top 10%),705.0,16214.0,100.0,100.0,100.0,0.043480942395460714,0.04038690839207389,0.04665025004640906,,False,True,False
schupfen_card,C. Schupfen,to partner: A,humans (top 10%),3724.0,16214.0,100.0,100.0,100.0,0.2296780560009868,0.2230978504851209,0.2366131787421142,,False,True,False
schupfen_card,C. Schupfen,to partner: J,humans (top 10%),1305.0,16214.0,100.0,100.0,100.0,0.08048599975329962,0.07599493919565646,0.08489773187224844,,False,True,False
schupfen_card,C. Schupfen,to partner: K,humans (top 10%),2176.0,16214.0,100.0,100.0,100.0,0.13420500801776242,0.12883912214313603,0.13945272806590747,,False,True,False
schupfen_card,C. Schupfen,to partner: Q,humans (top 10%),1534.0,16214.0,100.0,100.0,100.0,0.0946095966448748,0.09002388557448372,0.09942803629603136,,False,True,False
schupfen_card,C. Schupfen,to partner: dog,humans (top 10%),764.0,16214.0,100.0,100.0,100.0,0.0471197730356482,0.043588572383646246,0.05063230583267775,,False,True,False
schupfen_card,C. Schupfen,to partner: dragon,humans (top 10%),1573.0,16214.0,100.0,100.0,100.0,0.09701492537313433,0.09209839900214326,0.10179598852998559,,False,True,False
schupfen_card,C. Schupfen,to partner: mahjong,humans (top 10%),371.0,16214.0,100.0,100.0,100.0,0.02288146046626372,0.020299049719249698,0.0253557670808615,,False,True,False
schupfen_card,C. Schupfen,to partner: phoenix,humans (top 10%),1035.0,16214.0,100.0,100.0,100.0,0.06383372394227212,0.060125448198697244,0.06784395221348029,,False,True,False
schupfen_card,C. Schupfen,to previous: 10,humans (top 10%),387.0,16214.0,100.0,100.0,100.0,0.023868261995806092,0.021387347333643003,0.026341799294071266,,False,True,False
schupfen_card,C. Schupfen,to previous: 2,humans (top 10%),1758.0,16214.0,100.0,100.0,100.0,0.10842481805846799,0.10083125225241839,0.11598631653816627,,False,True,False
schupfen_card,C. Schupfen,to previous: 3,humans (top 10%),4024.0,16214.0,100.0,100.0,100.0,0.24818058467990625,0.2402250970449571,0.2560155922669015,,False,True,False
schupfen_card,C. Schupfen,to previous: 4,humans (top 10%),1451.0,16214.0,100.0,100.0,100.0,0.08949056371037376,0.0845436387404061,0.09448959901435415,,False,True,False
schupfen_card,C. Schupfen,to previous: 5,humans (top 10%),2532.0,16214.0,100.0,100.0,100.0,0.15616134205008017,0.15047231003067368,0.16220207504318707,,False,True,False
schupfen_card,C. Schupfen,to previous: 6,humans (top 10%),1273.0,16214.0,100.0,100.0,100.0,0.07851239669421488,0.07426057558161596,0.08287171230272675,,False,True,False
schupfen_card,C. Schupfen,to previous: 7,humans (top 10%),1881.0,16214.0,100.0,100.0,100.0,0.11601085481682497,0.11078524652190704,0.12141731541332446,,False,True,False
schupfen_card,C. Schupfen,to previous: 8,humans (top 10%),925.0,16214.0,100.0,100.0,100.0,0.05704946342666831,0.053446158132367985,0.06091912279620223,,False,True,False
schupfen_card,C. Schupfen,to previous: 9,humans (top 10%),1148.0,16214.0,100.0,100.0,100.0,0.07080300974466511,0.06606755702378961,0.07515813955865926,,False,True,False
schupfen_card,C. Schupfen,to previous: J,humans (top 10%),225.0,16214.0,100.0,100.0,100.0,0.01387689650918959,0.0120121364924603,0.015713277682912936,,False,True,False
schupfen_card,C. Schupfen,to previous: K,humans (top 10%),7.0,16214.0,100.0,100.0,100.0,0.00043172566917478724,0.00012411375141646897,0.0007540672606898349,,False,True,False
schupfen_card,C. Schupfen,to previous: Q,humans (top 10%),67.0,16214.0,100.0,100.0,100.0,0.004132231404958678,0.003180731008032227,0.005162356657441032,,False,True,False
schupfen_card,C. Schupfen,to previous: dog,humans (top 10%),529.0,16214.0,100.0,100.0,100.0,0.032626125570494637,0.029321691977503138,0.03575854476381123,,False,True,False
schupfen_card,C. Schupfen,to previous: mahjong,humans (top 10%),6.0,16214.0,100.0,100.0,100.0,0.00037005057357838907,0.00012260799505848721,0.0006813845897832208,,False,True,False
schupfen_card,C. Schupfen,to previous: phoenix,humans (top 10%),1.0,16214.0,100.0,100.0,100.0,6.167509559639817e-05,0.0,0.0001890646784699666,,False,True,False
special_gift,C. Schupfen,dog → kept,humans (top 10%),2301.0,4085.0,25.194276551128656,24.65206674831598,25.708045771185525,0.56328029375765,0.543977409155162,0.5834384002154505,,False,True,False
special_gift,C. Schupfen,dog → opponent,humans (top 10%),1020.0,4085.0,25.194276551128656,24.65206674831598,25.708045771185525,0.24969400244798043,0.23134621495845348,0.2683728874367563,,False,True,False
special_gift,C. Schupfen,dog → partner,humans (top 10%),764.0,4085.0,25.194276551128656,24.65206674831598,25.708045771185525,0.18702570379436964,0.17349703432152933,0.20019444752690993,,False,True,False
special_gift,C. Schupfen,dragon → kept,humans (top 10%),2545.0,4119.0,25.403971876156408,24.86501987597152,25.927702244450245,0.6178684146637533,0.5998033968681331,0.6351932097937196,,False,True,False
special_gift,C. Schupfen,dragon → opponent,humans (top 10%),1.0,4119.0,25.403971876156408,24.86501987597152,25.927702244450245,0.00024277737314882253,0.0,0.000751931663791295,,False,True,False
special_gift,C. Schupfen,dragon → partner,humans (top 10%),1573.0,4119.0,25.403971876156408,24.86501987597152,25.927702244450245,0.3818888079630978,0.36452150625785645,0.4000012370113805,,False,True,False
special_gift,C. Schupfen,phoenix → kept,humans (top 10%),3016.0,4052.0,24.99074873566054,24.446828016134944,25.528784570005236,0.7443237907206318,0.7300725547612255,0.7583556943840939,,False,True,False
special_gift,C. Schupfen,phoenix → opponent,humans (top 10%),1.0,4052.0,24.99074873566054,24.446828016134944,25.528784570005236,0.00024679170779861795,0.0,0.0007564822482887091,,False,True,False
special_gift,C. Schupfen,phoenix → partner,humans (top 10%),1035.0,4052.0,24.99074873566054,24.446828016134944,25.528784570005236,0.2554294175715696,0.24146517577157947,0.26952190279847216,,False,True,False
special_gift,C. Schupfen,mahjong → kept,humans (top 10%),3619.0,4013.0,24.750215862834587,24.208640507740903,25.29193386183055,0.9018190879641166,0.8917066215426677,0.9122190217249269,,False,True,False
special_gift,C. Schupfen,mahjong → opponent,humans (top 10%),23.0,4013.0,24.750215862834587,24.208640507740903,25.29193386183055,0.00573137303762771,0.003252848216742639,0.008543291592568813,,False,True,False
special_gift,C. Schupfen,mahjong → partner,humans (top 10%),371.0,4013.0,24.750215862834587,24.208640507740903,25.29193386183055,0.09244953899825567,0.08213616533063424,0.10229639942235297,,False,True,False
schupfen_breaks_bomb,C. Schupfen,all,humans (top 10%),33.0,840.0,5.180708030097446,4.831215762029976,5.514730475624937,0.039285714285714285,0.02588235294117647,0.053111514513064555,,False,True,False
high_card_to_partner,C. Schupfen,no Grand,humans (top 10%),4735.0,14052.0,86.66584433205871,85.97410044027795,87.36513964731452,0.33696270993452887,0.3272648525005574,0.3466575351039508,,False,True,False
high_card_to_partner,C. Schupfen,partner called Grand,humans (top 10%),1597.0,2162.0,13.334155667941285,12.63486035268548,14.025899559722049,0.7386679000925069,0.7190541308133791,0.7574413285798077,,False,True,False
lead_type,D. Play — leading,bomb,humans (top 10%),193.0,45021.0,277.66744788454423,274.7245875317704,280.4489377075391,0.004286888340996424,0.0036995945213757573,0.004897720291910021,,False,True,False
lead_type,D. Play — leading,dog,humans (top 10%),3203.0,45021.0,277.66744788454423,274.7245875317704,280.4489377075391,0.07114457697518936,0.06897012274284368,0.07332619053688037,,False,True,False
lead_type,D. Play — leading,full_house,humans (top 10%),3124.0,45021.0,277.66744788454423,274.7245875317704,280.4489377075391,0.06938984029675041,0.06684044203461326,0.07204146466135998,,False,True,False
lead_type,D. Play — leading,pair,humans (top 10%),7051.0,45021.0,277.66744788454423,274.7245875317704,280.4489377075391,0.15661580151484863,0.1528825140720048,0.16070813261166475,,False,True,False
lead_type,D. Play — leading,pair_step,humans (top 10%),2797.0,45021.0,277.66744788454423,274.7245875317704,280.4489377075391,0.0621265631594145,0.05968486952487309,0.06455214747230856,,False,True,False
lead_type,D. Play — leading,single,humans (top 10%),21071.0,45021.0,277.66744788454423,274.7245875317704,280.4489377075391,0.4680260322960396,0.4616789483793606,0.47402401426685514,,False,True,False
lead_type,D. Play — leading,straight,humans (top 10%),5565.0,45021.0,277.66744788454423,274.7245875317704,280.4489377075391,0.12360898247484507,0.12023122870995331,0.12697112320756823,,False,True,False
lead_type,D. Play — leading,triple,humans (top 10%),2017.0,45021.0,277.66744788454423,274.7245875317704,280.4489377075391,0.04480131494191599,0.04268422158426176,0.0468816767450645,,False,True,False
dog_lead,D. Play — leading,partner not called,humans (top 10%),2042.0,4877.0,30.07894412236339,28.815001425447377,31.43062008960631,0.41870002050440847,0.4021818589598772,0.43488952592806074,,False,True,False
dog_lead,D. Play — leading,partner called,humans (top 10%),1161.0,2511.0,15.486616504255581,14.623238589046458,16.361706798170214,0.46236559139784944,0.44117506035786,0.48499501105123555,,False,True,False
pass_despite_beat,E. Play — following,opponent,humans (top 10%),23173.0,75487.0,465.5667941285309,460.9934188506709,469.98758207759903,0.30698000980301243,0.3018972385353235,0.31181230196727133,,False,True,False
pass_despite_beat,E. Play — following,partner,humans (top 10%),17790.0,24829.0,153.13309485629702,149.93770835711882,156.7088441459398,0.7165008659229127,0.7094735919629347,0.72313819216264,,False,True,False
pass_despite_beat,E. Play — following,"partner, trick ≥10 pts",humans (top 10%),6851.0,7829.0,48.28543234242013,46.822378867616365,49.74397159834345,0.8750798313960915,0.8670542611691755,0.8829814904604318,,False,True,False
pass_despite_beat,E. Play — following,"opponent, trick ≥10 pts",humans (top 10%),7149.0,20412.0,125.89120513136795,123.57219843911646,128.24391224891266,0.35023515579071135,0.3424823196059856,0.3578036183902702,,False,True,False
partner_overtake,E. Play — following,partner not called,humans (top 10%),5215.0,17007.0,104.89083508079437,102.09276336963386,107.67731537570072,0.3066384429940613,0.2984731866315945,0.3148432603572633,,False,True,False
partner_overtake,E. Play — following,partner called,humans (top 10%),1824.0,7822.0,48.24225977550265,46.15473816341748,50.44655773589973,0.23318844285349016,0.22219489703136594,0.24495888198874274,,False,True,False
caller_overtake_then_fail,E. Play — following,yielded,humans (top 10%),451.0,1726.0,10.645121499938325,10.165835901237573,11.153891952870392,0.261297798377752,0.23877949821541047,0.2843879631829316,,False,True,False
caller_overtake_then_fail,E. Play — following,overtook,humans (top 10%),489.0,1459.0,8.998396447514494,8.54125062531148,9.467966917664485,0.33516106922549693,0.31017641845319066,0.36132310503089227,,False,True,False
caller_passivity,E. Play — following,any beat,humans (top 10%),3223.0,17219.0,106.19834710743801,102.93910578728183,109.47199825713476,0.18717695568848366,0.17886121722050968,0.19594565778266043,,False,True,False
caller_passivity,E. Play — following,bomb legal,humans (top 10%),867.0,2573.0,15.86900209695325,14.503007274958842,17.299187160956595,0.33696074621064903,0.31485760600005075,0.3585061541124297,,False,True,False
bomb_when_legal,E. Play — following,opponent,humans (top 10%),1432.0,10523.0,64.9007030960898,61.5278458504456,68.41215277134438,0.1360828661028224,0.13160862974646828,0.1410577829622877,,False,True,False
bomb_when_legal,E. Play — following,partner,humans (top 10%),106.0,3805.0,23.467373874429505,21.91896694580291,25.021518312485185,0.0278580814717477,0.02294537150438865,0.03291349820116082,,False,True,False
bombs_per_round,E. Play — following,per seat-Round,humans (top 10%),1778.0,16214.0,100.0,100.0,100.0,0.10965831997039595,0.10457275959298762,0.11479271332651432,,False,False,False
bomb_unplayed,E. Play — following,all,humans (top 10%),207.0,1951.0,12.032811150857285,11.514161888127672,12.551368785601365,0.10609943618657099,0.0936021518380115,0.11948397510255736,,False,True,False
phoenix_use,E. Play — following,combination,humans (top 10%),2089.0,3909.0,24.108794868632046,23.564210007394628,24.639423803584247,0.5344077769250448,0.5186026892449029,0.5508801146941715,,False,True,False
phoenix_use,E. Play — following,single lead,humans (top 10%),224.0,3909.0,24.108794868632046,23.564210007394628,24.639423803584247,0.05730365822460987,0.04991111449298915,0.06465973507066095,,False,True,False
phoenix_use,E. Play — following,single other,humans (top 10%),264.0,3909.0,24.108794868632046,23.564210007394628,24.639423803584247,0.06753645433614736,0.05953806316950484,0.07570778435116003,,False,True,False
phoenix_use,E. Play — following,single over A,humans (top 10%),1332.0,3909.0,24.108794868632046,23.564210007394628,24.639423803584247,0.340752110514198,0.32585217100041897,0.3561060125908878,,False,True,False
dragon_play,E. Play — following,"follow, trick <10 pts",humans (top 10%),2037.0,3996.0,24.64536820032071,24.08412011734679,25.18097731312185,0.5097597597597597,0.4936288975807707,0.5255333261140289,,False,True,False
dragon_play,E. Play — following,"follow, trick ≥10 pts",humans (top 10%),1234.0,3996.0,24.64536820032071,24.08412011734679,25.18097731312185,0.3088088088088088,0.2941604019137697,0.323558741628546,,False,True,False
dragon_play,E. Play — following,lead,humans (top 10%),725.0,3996.0,24.64536820032071,24.08412011734679,25.18097731312185,0.18143143143143142,0.16974414906503724,0.19348311173303898,,False,True,False
wish_rank,F. Wish,none,humans (top 10%),406.0,3893.0,24.01011471567781,23.47688182599092,24.53456157763302,0.10428975083483175,0.09391019860393648,0.11480055413374061,,False,True,False
wish_rank,F. Wish,2,humans (top 10%),836.0,3893.0,24.01011471567781,23.47688182599092,24.53456157763302,0.21474441304906242,0.20186116934468956,0.2278748324591031,,False,True,False
wish_rank,F. Wish,3,humans (top 10%),378.0,3893.0,24.01011471567781,23.47688182599092,24.53456157763302,0.097097354225533,0.08734769890586537,0.10654664223104435,,False,True,False
wish_rank,F. Wish,4,humans (top 10%),352.0,3893.0,24.01011471567781,23.47688182599092,24.53456157763302,0.09041870023118417,0.08144778197375654,0.09921710450005798,,False,True,False
wish_rank,F. Wish,5,humans (top 10%),300.0,3893.0,24.01011471567781,23.47688182599092,24.53456157763302,0.07706139224248651,0.06894579045701066,0.08603014646796993,,False,True,False
wish_rank,F. Wish,6,humans (top 10%),250.0,3893.0,24.01011471567781,23.47688182599092,24.53456157763302,0.06421782686873877,0.056332856567523064,0.0721704369191465,,False,True,False
wish_rank,F. Wish,7,humans (top 10%),126.0,3893.0,24.01011471567781,23.47688182599092,24.53456157763302,0.03236578474184434,0.02662169413939597,0.038588582539010007,,False,True,False
wish_rank,F. Wish,8,humans (top 10%),108.0,3893.0,24.01011471567781,23.47688182599092,24.53456157763302,0.027742101207295145,0.02259585312451013,0.033117896926863274,,False,True,False
wish_rank,F. Wish,9,humans (top 10%),68.0,3893.0,24.01011471567781,23.47688182599092,24.53456157763302,0.017467248908296942,0.01358382268532827,0.02188531526975966,,False,True,False
wish_rank,F. Wish,10,humans (top 10%),110.0,3893.0,24.01011471567781,23.47688182599092,24.53456157763302,0.028255843822245056,0.023084583861746704,0.03364227900764141,,False,True,False
wish_rank,F. Wish,J,humans (top 10%),54.0,3893.0,24.01011471567781,23.47688182599092,24.53456157763302,0.013871050603647572,0.010335758435427844,0.017695088790460244,,False,True,False
wish_rank,F. Wish,Q,humans (top 10%),50.0,3893.0,24.01011471567781,23.47688182599092,24.53456157763302,0.012843565373747753,0.009306835085313407,0.016482568575031293,,False,True,False
wish_rank,F. Wish,K,humans (top 10%),160.0,3893.0,24.01011471567781,23.47688182599092,24.53456157763302,0.04109940919599281,0.03485938132530024,0.047409633559662025,,False,True,False
wish_rank,F. Wish,A,humans (top 10%),695.0,3893.0,24.01011471567781,23.47688182599092,24.53456157763302,0.17852555869509376,0.16548267061319327,0.19190555478768942,,False,True,False
wish_gave_opponent,F. Wish,all,humans (top 10%),1270.0,3487.0,21.506105834464044,20.96553125846866,22.056826600589183,0.36420992256954404,0.346666496197723,0.38198135608291134,,False,True,False
wish_fulfilled,F. Wish,all,humans (top 10%),3422.0,3487.0,21.506105834464044,20.96553125846866,22.056826600589183,0.9813593346716375,0.9766365247097869,0.9853911100315884,,False,True,False
dragon_give,G. Dragon Assignment,to next opponent,humans (top 10%),1190.0,3741.0,23.072653262612558,22.507591448535276,23.59912683379996,0.31809676557070304,0.3011623029933448,0.3354540338341443,,False,True,False
dragon_give,G. Dragon Assignment,to opponent with more cards,humans (top 10%),2282.0,3330.0,20.53780683360059,19.980601381532416,21.071983335102672,0.6852852852852853,0.6688970630274511,0.7012037147728216,,False,True,False
dragon_give,G. Dragon Assignment,to a calling opponent,humans (top 10%),187.0,3741.0,23.072653262612558,22.507591448535276,23.59912683379996,0.0499866345896819,0.04281811384808132,0.0574810634428274,,False,True,False
game,A. Round outcome,rounds_per_game,humans (top 10%),,907.0,,,,8.95148842337376,8.775082690187432,9.130126791620727,,False,False,False
